row_id,image_id,true_class,pred_class,true_label,pred_label,fold,bbox,width,height,verdict,corrected_class_id,corrected_class_label,review_timestamp
train_pen1_tur_cam1_20250201_090631_0006,pen1_tur_cam1_20250201_090631.jpg,3,4,Standing,Sternal_lying,1,"[1431.5,769.5,259.0,175.0]",1920,1080,annotation_ok,3,Standing,2026-03-18T15:53:26.539465
train_pen1_tur_cam1_20250203_093045_0003,pen1_tur_cam1_20250203_093045.jpg,0,2,Lateral_lying_left,Sitting,1,"[1319.5,614.0,264.0,206.0]",1920,1080,annotation_ok,0,Lateral_lying_left,2026-03-18T15:53:34.152848
train_pen1_tur_cam1_20250203_093045_0007,pen1_tur_cam1_20250203_093045.jpg,4,1,Sternal_lying,Lateral_lying_right,1,"[1611.5,508.0,104.0,275.0]",1920,1080,pred_correct,1,Lateral_lying_right,2026-03-18T15:54:11.782981
train_pen1_tur_cam1_20250203_093045_0008,pen1_tur_cam1_20250203_093045.jpg,4,0,Sternal_lying,Lateral_lying_left,1,"[1593.0,577.0,103.0,305.0]",1920,1080,pred_correct,0,Lateral_lying_left,2026-03-18T15:54:19.919412
train_pen1_tur_cam2_20250122_092038_0004,pen1_tur_cam2_20250122_092038.jpg,4,1,Sternal_lying,Lateral_lying_right,1,"[185.5,405.3,288.0,184.0]",1280,720,pred_correct,1,Lateral_lying_right,2026-03-18T15:54:30.874746
train_pen1_tur_cam2_20250122_100149_0004,pen1_tur_cam2_20250122_100149.jpg,0,4,Lateral_lying_left,Sternal_lying,1,"[418.0,309.5,359.0,171.0]",1280,720,pred_correct,4,Sternal_lying,2026-03-18T15:54:39.016071
train_pen1_tur_cam2_20250122_104310_0002,pen1_tur_cam2_20250122_104310.jpg,4,3,Sternal_lying,Standing,1,"[201.5,487.0,254.0,162.0]",1280,720,annotation_ok,4,Sternal_lying,2026-03-18T17:20:02.560092
train_pen1_tur_cam2_20250122_104310_0005,pen1_tur_cam2_20250122_104310.jpg,2,3,Sitting,Standing,1,"[8.5,197.5,158.0,125.0]",1280,720,annotation_ok,2,Sitting,2026-03-18T15:55:30.861827
train_pen1_tur_cam2_20250122_114001_0006,pen1_tur_cam2_20250122_114001.jpg,1,4,Lateral_lying_right,Sternal_lying,1,"[216.5,545.0,283.0,136.0]",1280,720,annotation_ok,1,Lateral_lying_right,2026-03-18T15:55:40.279370
train_pen1_tur_cam2_20250122_115531_0001,pen1_tur_cam2_20250122_115531.jpg,4,0,Sternal_lying,Lateral_lying_left,1,"[389.0,512.5,339.0,195.0]",1280,720,pred_correct,0,Lateral_lying_left,2026-03-18T15:55:53.711499
train_pen1_tur_cam2_20250122_121052_0006,pen1_tur_cam2_20250122_121052.jpg,3,4,Standing,Sternal_lying,1,"[37.9,490.0,107.5,114.2]",1280,720,pred_correct,4,Sternal_lying,2026-03-18T15:56:11.669100
train_pen1_tur_cam2_20250122_125415_0004,pen1_tur_cam2_20250122_125415.jpg,4,0,Sternal_lying,Lateral_lying_left,1,"[321.5,555.0,335.0,155.0]",1280,720,pred_correct,0,Lateral_lying_left,2026-03-18T15:56:21.323989
train_pen1_tur_cam2_20250122_130917_0005,pen1_tur_cam2_20250122_130917.jpg,4,3,Sternal_lying,Standing,1,"[76.4,423.1,160.0,117.0]",1280,720,annotation_ok,4,Sternal_lying,2026-03-18T15:56:47.024972
train_pen1_tur_cam2_20250122_140601_0005,pen1_tur_cam2_20250122_140601.jpg,0,4,Lateral_lying_left,Sternal_lying,1,"[677.0,289.0,280.0,332.0]",1280,720,annotation_ok,0,Lateral_lying_left,2026-03-18T15:57:01.819840
train_pen1_tur_cam2_20250122_144925_0000,pen1_tur_cam2_20250122_144925.jpg,0,4,Lateral_lying_left,Sternal_lying,1,"[561.9,423.0,396.0,293.0]",1280,720,pred_correct,4,Sternal_lying,2026-03-18T15:57:12.656343
train_pen1_tur_cam2_20250122_144925_0006,pen1_tur_cam2_20250122_144925.jpg,4,1,Sternal_lying,Lateral_lying_right,1,"[819.0,227.5,175.3,378.5]",1280,720,annotation_ok,4,Sternal_lying,2026-03-18T15:57:49.422028
train_pen1_tur_cam2_20250125_060815_0007,pen1_tur_cam2_20250125_060815.jpg,1,4,Lateral_lying_right,Sternal_lying,1,"[155.8,496.4,232.2,168.7]",1280,720,pred_correct,4,Sternal_lying,2026-03-18T15:57:56.527829
train_pen1_tur_cam2_20250125_070438_0005,pen1_tur_cam2_20250125_070438.jpg,2,4,Sitting,Sternal_lying,1,"[469.0,34.3,327.8,203.8]",1280,720,annotation_ok,2,Sitting,2026-03-18T15:58:06.538584
train_pen1_tur_cam2_20250125_073348_0005,pen1_tur_cam2_20250125_073348.jpg,2,4,Sitting,Sternal_lying,1,"[163.5,393.5,262.0,119.0]",1280,720,annotation_ok,2,Sitting,2026-03-18T15:58:12.782828
train_pen1_tur_cam2_20250125_074919_0007,pen1_tur_cam2_20250125_074919.jpg,3,4,Standing,Sternal_lying,1,"[47.6,376.0,61.4,142.7]",1280,720,pred_correct,4,Sternal_lying,2026-03-18T15:58:31.771357
train_pen1_tur_cam2_20250125_080129_0001,pen1_tur_cam2_20250125_080129.jpg,3,4,Standing,Sternal_lying,1,"[418.0,312.5,351.0,313.0]",1280,720,pred_correct,4,Sternal_lying,2026-03-18T15:58:40.703000
train_pen1_tur_cam2_20250125_084250_0007,pen1_tur_cam2_20250125_084250.jpg,1,4,Lateral_lying_right,Sternal_lying,1,"[93.0,179.0,118.8,95.5]",1280,720,annotation_ok,1,Lateral_lying_right,2026-03-18T15:58:59.197182
train_pen1_tur_cam2_20250125_091150_0001,pen1_tur_cam2_20250125_091150.jpg,2,3,Sitting,Standing,1,"[437.5,209.5,458.0,205.0]",1280,720,annotation_ok,2,Sitting,2026-03-18T15:59:08.984934
train_pen1_tur_cam2_20250125_091150_0006,pen1_tur_cam2_20250125_091150.jpg,1,4,Lateral_lying_right,Sternal_lying,1,"[455.5,39.5,324.0,129.0]",1280,720,annotation_ok,1,Lateral_lying_right,2026-03-18T15:59:14.831706
train_pen1_tur_cam2_20250125_092652_0001,pen1_tur_cam2_20250125_092652.jpg,4,1,Sternal_lying,Lateral_lying_right,1,"[264.0,415.0,324.0,244.0]",1280,720,annotation_ok,4,Sternal_lying,2026-03-18T15:59:23.892526
train_pen1_tur_cam2_20250125_092652_0002,pen1_tur_cam2_20250125_092652.jpg,1,4,Lateral_lying_right,Sternal_lying,1,"[457.5,121.0,379.0,145.0]",1280,720,pred_correct,4,Sternal_lying,2026-03-18T15:59:29.563957
train_pen1_tur_cam2_20250125_092652_0005,pen1_tur_cam2_20250125_092652.jpg,1,4,Lateral_lying_right,Sternal_lying,1,"[448.0,38.0,332.0,142.0]",1280,720,pred_correct,4,Sternal_lying,2026-03-18T15:59:38.506498
train_pen1_tur_cam2_20250125_093833_0006,pen1_tur_cam2_20250125_093833.jpg,1,4,Lateral_lying_right,Sternal_lying,1,"[91.0,504.0,143.0,118.0]",1280,720,pred_correct,4,Sternal_lying,2026-03-18T15:59:48.951702
train_pen1_tur_cam2_20250125_102155_0001,pen1_tur_cam2_20250125_102155.jpg,0,4,Lateral_lying_left,Sternal_lying,1,"[635.5,270.5,224.0,431.0]",1280,720,pred_correct,4,Sternal_lying,2026-03-18T15:59:58.452453
train_pen1_tur_cam2_20250125_104837_0002,pen1_tur_cam2_20250125_104837.jpg,4,1,Sternal_lying,Lateral_lying_right,1,"[555.5,215.0,228.0,411.0]",1280,720,pred_correct,1,Lateral_lying_right,2026-03-18T16:00:22.054678
train_pen1_tur_cam2_20250125_104837_0006,pen1_tur_cam2_20250125_104837.jpg,1,4,Lateral_lying_right,Sternal_lying,1,"[461.0,41.5,314.0,165.0]",1280,720,pred_correct,4,Sternal_lying,2026-03-18T16:00:30.442272
train_pen1_tur_cam2_20250125_113340_0004,pen1_tur_cam2_20250125_113340.jpg,1,4,Lateral_lying_right,Sternal_lying,1,"[194.0,394.5,280.0,172.0]",1280,720,pred_correct,4,Sternal_lying,2026-03-18T16:00:36.077788
train_pen1_tur_cam2_20250125_120233_0000,pen1_tur_cam2_20250125_120233.jpg,1,4,Lateral_lying_right,Sternal_lying,1,"[275.5,242.0,287.0,272.0]",1280,720,pred_correct,4,Sternal_lying,2026-03-18T16:00:44.914097
train_pen1_tur_cam2_20250125_123014_0005,pen1_tur_cam2_20250125_123014.jpg,4,3,Sternal_lying,Standing,1,"[28.0,343.5,82.0,176.0]",1280,720,annotation_ok,4,Sternal_lying,2026-03-18T16:00:59.264932
train_pen1_tur_cam2_20250125_123014_0007,pen1_tur_cam2_20250125_123014.jpg,4,1,Sternal_lying,Lateral_lying_right,1,"[67.0,369.5,78.0,216.0]",1280,720,annotation_ok,4,Sternal_lying,2026-03-18T16:01:17.692072
train_pen1_tur_cam2_20250125_130624_0007,pen1_tur_cam2_20250125_130624.jpg,4,1,Sternal_lying,Lateral_lying_right,1,"[427.5,549.0,377.0,158.0]",1280,720,annotation_ok,4,Sternal_lying,2026-03-18T16:01:24.372130
train_pen1_tur_cam2_20250125_132005_0004,pen1_tur_cam2_20250125_132005.jpg,0,1,Lateral_lying_left,Lateral_lying_right,1,"[429.5,538.5,407.0,169.0]",1280,720,annotation_ok,0,Lateral_lying_left,2026-03-18T17:20:24.801280
train_pen1_tur_cam2_20250125_135105_0007,pen1_tur_cam2_20250125_135105.jpg,4,1,Sternal_lying,Lateral_lying_right,1,"[514.8,346.1,194.1,350.8]",1280,720,annotation_ok,4,Sternal_lying,2026-03-18T16:02:08.281593
train_pen1_tur_cam2_20250125_140315_0004,pen1_tur_cam2_20250125_140315.jpg,2,4,Sitting,Sternal_lying,1,"[152.5,231.5,258.0,150.0]",1280,720,annotation_ok,2,Sitting,2026-03-18T16:02:18.316807
train_pen1_tur_cam2_20250126_070023_0004,pen1_tur_cam2_20250126_070023.jpg,0,4,Lateral_lying_left,Sternal_lying,1,"[106.0,512.0,173.0,114.0]",1280,720,annotation_ok,0,Lateral_lying_left,2026-03-18T16:02:42.281690
train_pen1_tur_cam2_20250126_070023_0006,pen1_tur_cam2_20250126_070023.jpg,4,1,Sternal_lying,Lateral_lying_right,1,"[234.0,345.5,259.0,169.0]",1280,720,annotation_ok,4,Sternal_lying,2026-03-18T16:02:54.088068
train_pen1_tur_cam2_20250126_070023_0007,pen1_tur_cam2_20250126_070023.jpg,1,4,Lateral_lying_right,Sternal_lying,1,"[91.0,183.8,108.7,104.8]",1280,720,pred_correct,4,Sternal_lying,2026-03-18T16:03:09.566018
train_pen1_tur_cam2_20250126_070343_0003,pen1_tur_cam2_20250126_070343.jpg,0,4,Lateral_lying_left,Sternal_lying,1,"[313.5,548.5,411.0,159.0]",1280,720,pred_correct,4,Sternal_lying,2026-03-18T16:03:19.014038
train_pen1_tur_cam2_20250126_073026_0005,pen1_tur_cam2_20250126_073026.jpg,2,4,Sitting,Sternal_lying,1,"[66.5,174.0,148.0,142.0]",1280,720,annotation_ok,2,Sitting,2026-03-18T16:03:28.805790
train_pen1_tur_cam2_20250126_075847_0000,pen1_tur_cam2_20250126_075847.jpg,4,0,Sternal_lying,Lateral_lying_left,1,"[631.0,352.5,363.0,268.0]",1280,720,annotation_ok,4,Sternal_lying,2026-03-18T16:03:40.410314
train_pen1_tur_cam2_20250126_082850_0000,pen1_tur_cam2_20250126_082850.jpg,3,4,Standing,Sternal_lying,1,"[372.5,236.5,402.0,188.0]",1280,720,pred_correct,4,Sternal_lying,2026-03-18T16:03:58.216559
train_pen1_tur_cam2_20250126_085031_0007,pen1_tur_cam2_20250126_085031.jpg,4,1,Sternal_lying,Lateral_lying_right,1,"[461.5,37.0,328.0,113.0]",1280,720,annotation_ok,4,Sternal_lying,2026-03-18T16:04:04.561679
train_pen1_tur_cam2_20250126_100214_0003,pen1_tur_cam2_20250126_100214.jpg,0,4,Lateral_lying_left,Sternal_lying,1,"[479.5,257.0,345.0,221.0]",1280,720,pred_correct,4,Sternal_lying,2026-03-18T16:04:15.429324
train_pen1_tur_cam2_20250126_104845_0004,pen1_tur_cam2_20250126_104845.jpg,4,0,Sternal_lying,Lateral_lying_left,1,"[242.0,156.0,286.0,159.0]",1280,720,annotation_ok,4,Sternal_lying,2026-03-18T16:04:26.402356
train_pen1_tur_cam2_20250126_111436_0003,pen1_tur_cam2_20250126_111436.jpg,2,4,Sitting,Sternal_lying,1,"[358.0,269.0,370.0,179.0]",1280,720,pred_correct,4,Sternal_lying,2026-03-18T16:04:32.201155
train_pen1_tur_cam2_20250126_121548_0004,pen1_tur_cam2_20250126_121548.jpg,0,4,Lateral_lying_left,Sternal_lying,1,"[144.5,518.0,247.0,153.0]",1280,720,annotation_ok,0,Lateral_lying_left,2026-03-18T16:04:39.182062
train_pen1_tur_cam2_20250126_121548_0005,pen1_tur_cam2_20250126_121548.jpg,4,3,Sternal_lying,Standing,1,"[161.5,348.0,214.0,175.0]",1280,720,pred_correct,3,Standing,2026-03-18T16:04:49.397732
train_pen1_tur_cam2_20250126_122408_0002,pen1_tur_cam2_20250126_122408.jpg,4,0,Sternal_lying,Lateral_lying_left,1,"[322.5,405.5,449.0,190.0]",1280,720,annotation_ok,4,Sternal_lying,2026-03-18T16:17:30.326426
train_pen1_tur_cam2_20250126_131552_0005,pen1_tur_cam2_20250126_131552.jpg,4,0,Sternal_lying,Lateral_lying_left,1,"[379.0,570.0,397.0,138.0]",1280,720,pred_correct,0,Lateral_lying_left,2026-03-18T16:17:42.846050
train_pen1_tur_cam2_20250126_142417_0006,pen1_tur_cam2_20250126_142417.jpg,4,0,Sternal_lying,Lateral_lying_left,1,"[134.3,158.2,119.7,102.8]",1280,720,annotation_ok,4,Sternal_lying,2026-03-18T16:17:59.581949
train_pen1_tur_cam2_20250127_115828_0002,pen1_tur_cam2_20250127_115828.jpg,4,0,Sternal_lying,Lateral_lying_left,1,"[221.0,284.0,179.0,327.0]",1280,720,annotation_ok,4,Sternal_lying,2026-03-18T16:18:14.482071
train_pen1_tur_cam2_20250127_121009_0006,pen1_tur_cam2_20250127_121009.jpg,2,4,Sitting,Sternal_lying,1,"[122.7,139.4,148.1,139.0]",1280,720,pred_correct,4,Sternal_lying,2026-03-18T16:18:33.460262
train_pen1_tur_cam2_20250127_135113_0008,pen1_tur_cam2_20250127_135113.jpg,3,4,Standing,Sternal_lying,1,"[460.5,1.5,308.0,79.0]",1280,720,annotation_ok,3,Standing,2026-03-18T16:19:07.590961
train_pen1_tur_cam2_20250127_151524_0002,pen1_tur_cam2_20250127_151524.jpg,1,4,Lateral_lying_right,Sternal_lying,1,"[311.5,391.1,317.0,179.0]",1280,720,pred_correct,4,Sternal_lying,2026-03-18T16:19:27.714513
train_pen1_tur_cam2_20250127_155028_0002,pen1_tur_cam2_20250127_155028.jpg,4,0,Sternal_lying,Lateral_lying_left,1,"[312.5,287.0,250.0,196.0]",1280,720,annotation_ok,4,Sternal_lying,2026-03-18T16:19:35.865671
train_pen1_tur_cam2_20250127_160348_0002,pen1_tur_cam2_20250127_160348.jpg,4,1,Sternal_lying,Lateral_lying_right,1,"[537.5,335.5,219.0,362.0]",1280,720,annotation_ok,4,Sternal_lying,2026-03-18T16:19:41.726105
train_pen1_tur_cam2_20250201_085421_0007,pen1_tur_cam2_20250201_085421.jpg,1,4,Lateral_lying_right,Sternal_lying,1,"[769.0,72.0,392.0,222.0]",1920,1080,pred_correct,4,Sternal_lying,2026-03-18T16:19:46.319672
train_pen1_tur_cam2_20250201_093542_0002,pen1_tur_cam2_20250201_093542.jpg,1,4,Lateral_lying_right,Sternal_lying,1,"[807.5,163.0,457.0,368.0]",1920,1080,pred_correct,4,Sternal_lying,2026-03-18T16:19:52.344456
train_pen1_tur_cam2_20250201_093542_0006,pen1_tur_cam2_20250201_093542.jpg,4,1,Sternal_lying,Lateral_lying_right,1,"[686.0,62.5,496.0,218.0]",1920,1080,annotation_ok,4,Sternal_lying,2026-03-18T16:20:00.870722
train_pen1_tur_cam2_20250203_101048_0003,pen1_tur_cam2_20250203_101048.jpg,1,4,Lateral_lying_right,Sternal_lying,1,"[712.0,678.0,555.0,253.0]",1920,1080,pred_correct,4,Sternal_lying,2026-03-18T16:20:09.597549
train_pen1_tur_cam2_20250203_113914_0000,pen1_tur_cam2_20250203_113914.jpg,0,4,Lateral_lying_left,Sternal_lying,1,"[858.5,459.0,311.0,567.0]",1920,1080,pred_correct,4,Sternal_lying,2026-03-18T16:20:19.499250
train_pen1_tur_cam2_20250203_113914_0002,pen1_tur_cam2_20250203_113914.jpg,0,4,Lateral_lying_left,Sternal_lying,1,"[740.0,267.5,527.0,316.0]",1920,1080,pred_correct,4,Sternal_lying,2026-03-18T16:20:25.635133
train_pen1_tur_cam2_20250203_120055_0009,pen1_tur_cam2_20250203_120055.jpg,2,3,Sitting,Standing,1,"[188.0,147.5,146.0,211.0]",1920,1080,annotation_ok,2,Sitting,2026-03-18T16:20:31.769996
train_pen1_tur_cam2_20250207_123933_0002,pen1_tur_cam2_20250207_123933.jpg,0,1,Lateral_lying_left,Lateral_lying_right,1,"[210.0,322.0,295.0,247.0]",1280,720,pred_correct,1,Lateral_lying_right,2026-03-18T16:20:53.751906
train_pen1_tur_cam2_20250207_123933_0004,pen1_tur_cam2_20250207_123933.jpg,0,1,Lateral_lying_left,Lateral_lying_right,1,"[787.5,309.5,182.0,386.0]",1280,720,pred_correct,1,Lateral_lying_right,2026-03-18T16:21:01.810421
train_pen1_tur_cam2_20250207_133256_0001,pen1_tur_cam2_20250207_133256.jpg,2,4,Sitting,Sternal_lying,1,"[408.9,262.0,193.0,323.0]",1280,720,pred_correct,4,Sternal_lying,2026-03-18T16:21:11.548914
train_pen1_tur_cam2_20250207_133256_0009,pen1_tur_cam2_20250207_133256.jpg,0,4,Lateral_lying_left,Sternal_lying,1,"[231.0,550.6,296.0,133.0]",1280,720,pred_correct,4,Sternal_lying,2026-03-18T16:21:17.524998
train_pen1_tur_cam2_20250207_133437_0000,pen1_tur_cam2_20250207_133437.jpg,4,0,Sternal_lying,Lateral_lying_left,1,"[818.0,223.5,191.0,391.0]",1280,720,annotation_ok,4,Sternal_lying,2026-03-18T16:21:29.708866
train_pen1_tur_cam2_20250207_133437_0007,pen1_tur_cam2_20250207_133437.jpg,0,1,Lateral_lying_left,Lateral_lying_right,1,"[575.0,538.0,403.0,169.0]",1280,720,pred_correct,1,Lateral_lying_right,2026-03-18T17:20:49.845768
train_pen1_tur_cam2_20250207_140439_0009,pen1_tur_cam2_20250207_140439.jpg,4,2,Sternal_lying,Sitting,1,"[149.5,143.0,116.0,99.0]",1280,720,annotation_ok,4,Sternal_lying,2026-03-18T16:23:05.129612
train_pen1_tur_cam2_20250207_143802_0001,pen1_tur_cam2_20250207_143802.jpg,0,4,Lateral_lying_left,Sternal_lying,1,"[810.0,153.5,193.0,363.0]",1280,720,pred_correct,4,Sternal_lying,2026-03-18T16:23:09.585574
train_pen1_tur_cam2_20250207_151803_0001,pen1_tur_cam2_20250207_151803.jpg,0,1,Lateral_lying_left,Lateral_lying_right,1,"[675.5,55.0,263.0,287.0]",1280,720,pred_correct,1,Lateral_lying_right,2026-03-18T16:23:21.942271
train_pen1_tur_cam2_20250207_153446_0002,pen1_tur_cam2_20250207_153446.jpg,1,0,Lateral_lying_right,Lateral_lying_left,1,"[278.0,368.5,280.0,201.0]",1280,720,pred_correct,0,Lateral_lying_left,2026-03-18T16:23:30.167908
train_pen1_tur_cam2_20250207_153446_0005,pen1_tur_cam2_20250207_153446.jpg,0,1,Lateral_lying_left,Lateral_lying_right,1,"[235.5,496.5,280.0,200.0]",1280,720,pred_correct,1,Lateral_lying_right,2026-03-18T16:23:36.664812
train_pen1_tur_cam2_20250220_070841_0000,pen1_tur_cam2_20250220_070841.jpg,2,3,Sitting,Standing,1,"[559.5,400.5,414.0,227.0]",1280,720,pred_correct,3,Standing,2026-03-18T16:23:42.742856
train_pen1_tur_cam2_20250220_070841_0005,pen1_tur_cam2_20250220_070841.jpg,0,4,Lateral_lying_left,Sternal_lying,1,"[262.5,565.5,319.0,130.0]",1280,720,pred_correct,4,Sternal_lying,2026-03-18T16:23:50.718728
train_pen1_tur_cam2_20250220_082847_0008,pen1_tur_cam2_20250220_082847.jpg,0,4,Lateral_lying_left,Sternal_lying,1,"[259.0,553.0,317.0,139.0]",1280,720,annotation_ok,0,Lateral_lying_left,2026-03-18T16:23:57.401497
train_pen1_tur_cam2_20250220_082847_0009,pen1_tur_cam2_20250220_082847.jpg,1,4,Lateral_lying_right,Sternal_lying,1,"[134.5,143.0,136.0,122.0]",1280,720,annotation_ok,1,Lateral_lying_right,2026-03-18T16:24:08.226302
train_pen1_tur_cam2_20250220_091851_0000,pen1_tur_cam2_20250220_091851.jpg,2,4,Sitting,Sternal_lying,1,"[354.5,129.5,174.0,287.0]",1280,720,annotation_ok,2,Sitting,2026-03-18T16:24:14.720545
train_pen1_tur_cam2_20250220_093351_0002,pen1_tur_cam2_20250220_093351.jpg,0,3,Lateral_lying_left,Standing,1,"[356.4,306.0,227.0,307.0]",1280,720,pred_correct,3,Standing,2026-03-18T16:24:28.358137
train_pen1_tur_cam2_20250220_095033_0004,pen1_tur_cam2_20250220_095033.jpg,4,2,Sternal_lying,Sitting,1,"[830.0,227.1,166.0,404.0]",1280,720,annotation_ok,4,Sternal_lying,2026-03-18T16:24:33.568065
train_pen1_tur_cam2_20250220_100353_0007,pen1_tur_cam2_20250220_100353.jpg,0,4,Lateral_lying_left,Sternal_lying,1,"[862.5,237.5,143.0,429.0]",1280,720,pred_correct,4,Sternal_lying,2026-03-18T16:24:39.248006
train_pen1_tur_cam2_20250220_100353_0008,pen1_tur_cam2_20250220_100353.jpg,0,4,Lateral_lying_left,Sternal_lying,1,"[57.5,212.0,82.0,212.0]",1280,720,pred_correct,4,Sternal_lying,2026-03-18T16:24:44.190876
train_pen1_tur_cam2_20250220_100353_0009,pen1_tur_cam2_20250220_100353.jpg,3,4,Standing,Sternal_lying,1,"[130.0,140.0,138.0,115.0]",1280,720,pred_correct,4,Sternal_lying,2026-03-18T16:24:48.377225
train_pen1_tur_cam2_20250220_100534_0006,pen1_tur_cam2_20250220_100534.jpg,0,4,Lateral_lying_left,Sternal_lying,1,"[861.4,238.1,143.0,429.0]",1280,720,pred_correct,4,Sternal_lying,2026-03-18T16:24:54.112211
train_pen1_tur_cam2_20250220_100534_0009,pen1_tur_cam2_20250220_100534.jpg,1,4,Lateral_lying_right,Sternal_lying,1,"[136.0,140.0,135.0,112.0]",1280,720,annotation_ok,1,Lateral_lying_right,2026-03-18T16:24:59.512864
train_pen1_tur_cam2_20250220_102355_0007,pen1_tur_cam2_20250220_102355.jpg,1,4,Lateral_lying_right,Sternal_lying,1,"[458.5,31.5,312.0,154.0]",1280,720,pred_correct,4,Sternal_lying,2026-03-18T16:25:04.469309
train_pen1_tur_cam2_20250220_105538_0006,pen1_tur_cam2_20250220_105538.jpg,0,4,Lateral_lying_left,Sternal_lying,1,"[841.2,269.1,140.0,396.0]",1280,720,annotation_ok,0,Lateral_lying_left,2026-03-18T16:25:13.130623
train_pen2_orb_cam1_20250108_080540_0004,pen2_orb_cam1_20250108_080540.jpg,1,4,Lateral_lying_right,Sternal_lying,1,"[615.0,233.0,229.0,345.0]",1920,1080,pred_correct,4,Sternal_lying,2026-03-18T16:27:48.707229
train_pen2_orb_cam1_20250108_081509_0003,pen2_orb_cam1_20250108_081509.jpg,1,4,Lateral_lying_right,Sternal_lying,1,"[619.0,235.0,210.0,323.0]",1920,1080,pred_correct,4,Sternal_lying,2026-03-18T16:30:01.225803
train_pen2_orb_cam1_20250108_081639_0001,pen2_orb_cam1_20250108_081639.jpg,3,4,Standing,Sternal_lying,1,"[919.0,652.0,485.0,427.0]",1920,1080,pred_correct,4,Sternal_lying,2026-03-18T16:30:05.146543
train_pen2_orb_cam1_20250108_082845_0001,pen2_orb_cam1_20250108_082845.jpg,4,1,Sternal_lying,Lateral_lying_right,1,"[923.0,642.0,476.0,436.0]",1920,1080,annotation_ok,4,Sternal_lying,2026-03-18T16:30:17.881691
train_pen2_orb_cam1_20250108_083117_0000,pen2_orb_cam1_20250108_083117.jpg,1,4,Lateral_lying_right,Sternal_lying,1,"[962.0,643.0,439.0,437.0]",1920,1080,pred_correct,4,Sternal_lying,2026-03-18T16:30:54.782870
train_pen2_orb_cam2_20250217_125159_0005,pen2_orb_cam2_20250217_125159.jpg,1,4,Lateral_lying_right,Sternal_lying,1,"[657.5,112.0,276.0,198.0]",1920,1080,pred_correct,4,Sternal_lying,2026-03-18T16:31:12.545362
train_pen2_orb_cam2_20250217_130631_0003,pen2_orb_cam2_20250217_130631.jpg,1,4,Lateral_lying_right,Sternal_lying,1,"[726.0,169.0,357.0,139.0]",1920,1080,pred_correct,4,Sternal_lying,2026-03-18T16:31:18.653738
train_pen2_tur_cam1_20250109_071519_0007,pen2_tur_cam1_20250109_071519.jpg,3,4,Standing,Sternal_lying,1,"[265.5,45.5,220.0,123.0]",1280,720,annotation_ok,3,Standing,2026-03-18T16:31:24.100999
train_pen2_tur_cam1_20250109_072521_0006,pen2_tur_cam1_20250109_072521.jpg,4,1,Sternal_lying,Lateral_lying_right,1,"[542.0,23.5,389.0,152.0]",1280,720,annotation_ok,4,Sternal_lying,2026-03-18T16:31:28.825260
train_pen2_tur_cam1_20250109_072549_0005,pen2_tur_cam1_20250109_072549.jpg,2,4,Sitting,Sternal_lying,1,"[503.0,9.0,431.0,162.0]",1280,720,annotation_ok,2,Sitting,2026-03-18T16:31:39.785658
train_pen2_tur_cam1_20250109_073825_0002,pen2_tur_cam1_20250109_073825.jpg,4,0,Sternal_lying,Lateral_lying_left,1,"[471.0,164.0,157.0,379.0]",1280,720,annotation_ok,4,Sternal_lying,2026-03-18T16:31:49.473051
train_pen2_tur_cam1_20250109_074340_0006,pen2_tur_cam1_20250109_074340.jpg,2,3,Sitting,Standing,1,"[95.0,241.5,160.0,133.0]",1280,720,pred_correct,3,Standing,2026-03-18T16:31:57.489052
train_pen2_tur_cam1_20250109_074759_0004,pen2_tur_cam1_20250109_074759.jpg,3,1,Standing,Lateral_lying_right,1,"[547.0,516.0,393.0,185.0]",1280,720,pred_correct,1,Lateral_lying_right,2026-03-18T16:32:06.957264
train_pen2_tur_cam1_20250109_074759_0005,pen2_tur_cam1_20250109_074759.jpg,3,4,Standing,Sternal_lying,1,"[794.5,126.0,198.0,445.0]",1280,720,pred_correct,4,Sternal_lying,2026-03-18T16:32:22.725428
train_pen2_tur_cam1_20250109_074759_0007,pen2_tur_cam1_20250109_074759.jpg,3,4,Standing,Sternal_lying,1,"[918.5,186.0,176.0,438.0]",1280,720,pred_correct,4,Sternal_lying,2026-03-18T16:32:32.923662
train_pen2_tur_cam1_20250109_075108_0006,pen2_tur_cam1_20250109_075108.jpg,1,4,Lateral_lying_right,Sternal_lying,1,"[203.0,445.0,154.0,129.0]",1280,720,pred_correct,4,Sternal_lying,2026-03-18T16:32:39.477298
train_pen2_tur_cam1_20250109_075356_0006,pen2_tur_cam1_20250109_075356.jpg,4,1,Sternal_lying,Lateral_lying_right,1,"[202.0,427.0,147.0,148.0]",1280,720,annotation_ok,4,Sternal_lying,2026-03-18T16:32:45.314522
train_pen2_tur_cam1_20250109_075602_0006,pen2_tur_cam1_20250109_075602.jpg,1,4,Lateral_lying_right,Sternal_lying,1,"[204.5,428.5,148.0,135.0]",1280,720,pred_correct,4,Sternal_lying,2026-03-18T16:32:53.002158
train_pen2_tur_cam1_20250109_075911_0007,pen2_tur_cam1_20250109_075911.jpg,1,4,Lateral_lying_right,Sternal_lying,1,"[958.5,37.5,136.0,430.0]",1280,720,pred_correct,4,Sternal_lying,2026-03-18T16:33:04.787396
train_pen2_tur_cam1_20250109_080501_0007,pen2_tur_cam1_20250109_080501.jpg,4,3,Sternal_lying,Standing,1,"[950.0,7.5,153.0,504.0]",1280,720,annotation_ok,4,Sternal_lying,2026-03-18T16:33:15.688187
train_pen2_tur_cam1_20250109_080632_0001,pen2_tur_cam1_20250109_080632.jpg,4,1,Sternal_lying,Lateral_lying_right,1,"[619.0,380.5,272.0,294.0]",1280,720,annotation_ok,4,Sternal_lying,2026-03-18T16:33:23.239607
train_pen2_tur_cam1_20250120_072428_0007,pen2_tur_cam1_20250120_072428.jpg,0,4,Lateral_lying_left,Sternal_lying,1,"[301.5,742.5,318.0,457.0]",2688,1520,annotation_ok,0,Lateral_lying_left,2026-03-18T16:33:36.028292
train_pen2_tur_cam1_20250120_080431_0008,pen2_tur_cam1_20250120_080431.jpg,1,4,Lateral_lying_right,Sternal_lying,1,"[256.3,623.3,177.7,445.3]",2688,1520,annotation_ok,1,Lateral_lying_right,2026-03-18T16:33:58.691342
train_pen2_tur_cam1_20250120_080751_0006,pen2_tur_cam1_20250120_080751.jpg,1,4,Lateral_lying_right,Sternal_lying,1,"[281.0,561.0,155.7,514.3]",2688,1520,annotation_ok,1,Lateral_lying_right,2026-03-18T16:34:05.794961
train_pen2_tur_cam1_20250120_083253_0006,pen2_tur_cam1_20250120_083253.jpg,4,1,Sternal_lying,Lateral_lying_right,1,"[663.0,111.5,729.0,412.0]",2688,1520,pred_correct,1,Lateral_lying_right,2026-03-18T16:34:22.435340
train_pen2_tur_cam1_20250120_084934_0004,pen2_tur_cam1_20250120_084934.jpg,0,4,Lateral_lying_left,Sternal_lying,1,"[1139.0,1223.0,761.0,284.0]",2688,1520,pred_correct,4,Sternal_lying,2026-03-18T16:34:36.951651
train_pen2_tur_cam1_20250120_085754_0000,pen2_tur_cam1_20250120_085754.jpg,0,4,Lateral_lying_left,Sternal_lying,1,"[1011.0,518.0,688.0,716.0]",2688,1520,pred_correct,4,Sternal_lying,2026-03-18T16:34:55.507648
train_pen2_tur_cam1_20250120_085754_0002,pen2_tur_cam1_20250120_085754.jpg,1,4,Lateral_lying_right,Sternal_lying,1,"[1703.5,256.0,363.0,999.0]",2688,1520,pred_correct,4,Sternal_lying,2026-03-18T16:35:05.187078
train_pen2_tur_cam1_20250120_085754_0004,pen2_tur_cam1_20250120_085754.jpg,2,3,Sitting,Standing,1,"[221.0,188.0,327.0,304.0]",2688,1520,pred_correct,3,Standing,2026-03-18T16:35:13.318276
train_pen2_tur_cam1_20250120_100258_0007,pen2_tur_cam1_20250120_100258.jpg,4,3,Sternal_lying,Standing,1,"[416.0,920.0,360.0,298.0]",2688,1520,annotation_ok,4,Sternal_lying,2026-03-18T17:21:19.867433
train_pen2_tur_cam1_20250120_102440_0006,pen2_tur_cam1_20250120_102440.jpg,0,3,Lateral_lying_left,Standing,1,"[411.0,882.5,329.0,315.0]",2688,1520,annotation_ok,0,Lateral_lying_left,2026-03-18T16:35:51.024985
train_pen2_tur_cam1_20250120_111944_0001,pen2_tur_cam1_20250120_111944.jpg,3,4,Standing,Sternal_lying,1,"[704.0,160.5,594.0,557.0]",2688,1520,pred_correct,4,Sternal_lying,2026-03-18T16:35:58.492383
train_pen2_tur_cam1_20250120_111944_0006,pen2_tur_cam1_20250120_111944.jpg,4,1,Sternal_lying,Lateral_lying_right,1,"[1091.5,1091.5,790.0,358.0]",2688,1520,annotation_ok,4,Sternal_lying,2026-03-18T16:36:05.781702
train_pen2_tur_cam1_20250120_113805_0007,pen2_tur_cam1_20250120_113805.jpg,1,3,Lateral_lying_right,Standing,1,"[388.5,766.5,312.0,447.0]",2688,1520,annotation_ok,1,Lateral_lying_right,2026-03-18T16:36:23.619655
train_pen2_tur_cam1_20250120_113805_0008,pen2_tur_cam1_20250120_113805.jpg,1,4,Lateral_lying_right,Sternal_lying,1,"[260.0,571.5,172.0,469.0]",2688,1520,pred_correct,4,Sternal_lying,2026-03-18T16:36:30.102445
train_pen2_tur_cam1_20250120_114806_0007,pen2_tur_cam1_20250120_114806.jpg,1,0,Lateral_lying_right,Lateral_lying_left,1,"[371.2,803.8,230.3,268.3]",2688,1520,pred_correct,0,Lateral_lying_left,2026-03-18T16:36:39.207753
train_pen2_tur_cam1_20250120_122809_0008,pen2_tur_cam1_20250120_122809.jpg,1,0,Lateral_lying_right,Lateral_lying_left,1,"[269.5,577.2,163.7,475.0]",2688,1520,skip,1,Lateral_lying_right,2026-03-18T16:36:57.408680
train_pen2_tur_cam1_20250120_130159_0000,pen2_tur_cam1_20250120_130159.jpg,0,4,Lateral_lying_left,Sternal_lying,1,"[1321.0,56.5,672.0,835.0]",2688,1520,pred_correct,4,Sternal_lying,2026-03-18T16:37:10.440742
train_pen2_tur_cam1_20250120_132341_0000,pen2_tur_cam1_20250120_132341.jpg,0,4,Lateral_lying_left,Sternal_lying,1,"[1116.3,1187.7,857.0,329.0]",2688,1520,pred_correct,4,Sternal_lying,2026-03-18T16:37:15.578296
train_pen2_tur_cam1_20250120_132341_0008,pen2_tur_cam1_20250120_132341.jpg,0,4,Lateral_lying_left,Sternal_lying,1,"[423.1,954.3,299.9,250.1]",2688,1520,annotation_ok,0,Lateral_lying_left,2026-03-18T16:37:26.100456
train_pen2_tur_cam1_20250120_134343_0006,pen2_tur_cam1_20250120_134343.jpg,4,0,Sternal_lying,Lateral_lying_left,1,"[1113.0,1217.0,796.0,299.0]",2688,1520,annotation_ok,4,Sternal_lying,2026-03-18T16:37:30.968229
train_pen2_tur_cam1_20250120_140846_0002,pen2_tur_cam1_20250120_140846.jpg,4,1,Sternal_lying,Lateral_lying_right,1,"[963.5,284.5,775.0,483.0]",2688,1520,pred_correct,1,Lateral_lying_right,2026-03-18T16:37:39.599446
train_pen2_tur_cam1_20250120_140846_0007,pen2_tur_cam1_20250120_140846.jpg,1,4,Lateral_lying_right,Sternal_lying,1,"[279.0,586.0,121.0,489.0]",2688,1520,annotation_ok,1,Lateral_lying_right,2026-03-18T16:37:50.674663
train_pen2_tur_cam1_20250120_142847_0001,pen2_tur_cam1_20250120_142847.jpg,0,4,Lateral_lying_left,Sternal_lying,1,"[1111.5,663.0,912.0,370.0]",2688,1520,pred_correct,4,Sternal_lying,2026-03-18T16:37:59.229942
train_pen2_tur_cam1_20250120_142847_0005,pen2_tur_cam1_20250120_142847.jpg,4,0,Sternal_lying,Lateral_lying_left,1,"[665.5,57.0,713.0,298.0]",2688,1520,pred_correct,0,Lateral_lying_left,2026-03-18T16:38:07.557462
train_pen2_tur_cam1_20250120_143347_0001,pen2_tur_cam1_20250120_143347.jpg,4,0,Sternal_lying,Lateral_lying_left,1,"[1103.0,906.0,802.0,367.0]",2688,1520,annotation_ok,4,Sternal_lying,2026-03-18T16:38:12.196393
train_pen2_tur_cam1_20250120_144348_0005,pen2_tur_cam1_20250120_144348.jpg,4,0,Sternal_lying,Lateral_lying_left,1,"[696.0,117.5,715.0,314.0]",2688,1520,annotation_ok,4,Sternal_lying,2026-03-18T16:38:18.922298
train_pen2_tur_cam1_20250123_100501_0007,pen2_tur_cam1_20250123_100501.jpg,0,4,Lateral_lying_left,Sternal_lying,1,"[225.5,51.0,255.0,158.0]",1280,720,annotation_ok,0,Lateral_lying_left,2026-03-18T16:38:26.372328
train_pen2_tur_cam1_20250123_102002_0008,pen2_tur_cam1_20250123_102002.jpg,1,4,Lateral_lying_right,Sternal_lying,1,"[202.0,424.5,145.0,149.0]",1280,720,pred_correct,4,Sternal_lying,2026-03-18T16:38:32.363104
train_pen2_tur_cam1_20250123_105005_0008,pen2_tur_cam1_20250123_105005.jpg,3,4,Standing,Sternal_lying,1,"[141.0,247.0,86.0,256.0]",1280,720,annotation_ok,3,Standing,2026-03-18T16:38:39.876363
train_pen2_tur_cam1_20250123_111827_0008,pen2_tur_cam1_20250123_111827.jpg,3,1,Standing,Lateral_lying_right,1,"[244.0,140.0,186.0,332.0]",1280,720,pred_correct,1,Lateral_lying_right,2026-03-18T16:39:00.862087
train_pen2_tur_cam1_20250123_121011_0008,pen2_tur_cam1_20250123_121011.jpg,3,2,Standing,Sitting,1,"[145.7,348.7,150.5,204.0]",1280,720,pred_correct,2,Sitting,2026-03-18T16:39:20.014852
train_pen2_tur_cam1_20250123_135757_0007,pen2_tur_cam1_20250123_135757.jpg,0,4,Lateral_lying_left,Sternal_lying,1,"[539.0,571.0,352.0,144.0]",1280,720,pred_correct,4,Sternal_lying,2026-03-18T16:41:35.358051
train_pen2_tur_cam1_20250123_142027_0005,pen2_tur_cam1_20250123_142027.jpg,4,3,Sternal_lying,Standing,1,"[113.5,261.0,89.5,195.3]",1280,720,annotation_ok,4,Sternal_lying,2026-03-18T16:41:42.013751
train_pen2_tur_cam1_20250123_144427_0008,pen2_tur_cam1_20250123_144427.jpg,2,1,Sitting,Lateral_lying_right,1,"[196.5,423.3,108.7,114.3]",1280,720,annotation_ok,2,Sitting,2026-03-18T16:41:47.759250
train_pen2_tur_cam1_20250123_152548_0004,pen2_tur_cam1_20250123_152548.jpg,2,3,Sitting,Standing,1,"[178.0,59.0,306.0,123.0]",1280,720,pred_correct,3,Standing,2026-03-18T16:41:52.812205
train_pen2_tur_cam1_20250123_153058_0004,pen2_tur_cam1_20250123_153058.jpg,0,4,Lateral_lying_left,Sternal_lying,1,"[540.0,540.5,361.0,174.0]",1280,720,pred_correct,4,Sternal_lying,2026-03-18T16:41:57.982242
train_pen2_tur_cam1_20250209_082513_0004,pen2_tur_cam1_20250209_082513.jpg,4,2,Sternal_lying,Sitting,1,"[217.0,63.5,216.0,155.0]",1280,720,pred_correct,2,Sitting,2026-03-18T16:42:08.577067
train_pen2_tur_cam1_20250209_102702_0001,pen2_tur_cam1_20250209_102702.jpg,2,4,Sitting,Sternal_lying,1,"[818.0,391.5,215.0,310.0]",1280,720,annotation_ok,2,Sitting,2026-03-18T16:42:14.959688
train_pen2_tur_cam1_20250209_103022_0005,pen2_tur_cam1_20250209_103022.jpg,0,4,Lateral_lying_left,Sternal_lying,1,"[535.0,548.0,305.0,154.0]",1280,720,pred_correct,4,Sternal_lying,2026-03-18T16:42:21.169470
train_pen2_tur_cam1_20250209_103022_0007,pen2_tur_cam1_20250209_103022.jpg,4,0,Sternal_lying,Lateral_lying_left,1,"[703.5,260.0,168.0,351.0]",1280,720,annotation_ok,4,Sternal_lying,2026-03-18T16:42:28.109023
train_pen2_tur_cam1_20250209_104022_0001,pen2_tur_cam1_20250209_104022.jpg,1,4,Lateral_lying_right,Sternal_lying,1,"[602.0,436.0,306.0,257.0]",1280,720,annotation_ok,1,Lateral_lying_right,2026-03-18T16:42:45.392466
train_pen2_tur_cam1_20250209_110204_0000,pen2_tur_cam1_20250209_110204.jpg,0,4,Lateral_lying_left,Sternal_lying,1,"[522.0,374.5,219.0,277.0]",1280,720,pred_correct,4,Sternal_lying,2026-03-18T16:42:49.939715
train_pen2_tur_cam1_20250209_110204_0007,pen2_tur_cam1_20250209_110204.jpg,1,4,Lateral_lying_right,Sternal_lying,1,"[331.0,130.0,332.0,131.0]",1280,720,annotation_ok,1,Lateral_lying_right,2026-03-18T16:42:55.085882
train_pen2_tur_cam1_20250209_111705_0004,pen2_tur_cam1_20250209_111705.jpg,0,4,Lateral_lying_left,Sternal_lying,1,"[914.0,36.0,183.0,373.0]",1280,720,annotation_ok,0,Lateral_lying_left,2026-03-18T16:43:02.753313
train_pen2_tur_cam1_20250209_115528_0004,pen2_tur_cam1_20250209_115528.jpg,0,4,Lateral_lying_left,Sternal_lying,1,"[531.5,557.8,305.0,143.0]",1280,720,pred_correct,4,Sternal_lying,2026-03-18T16:43:07.961444
train_pen2_tur_cam1_20250209_115528_0008,pen2_tur_cam1_20250209_115528.jpg,4,0,Sternal_lying,Lateral_lying_left,1,"[222.5,466.0,121.0,107.0]",1280,720,pred_correct,0,Lateral_lying_left,2026-03-18T16:43:16.736740
train_pen2_tur_cam1_20250209_122030_0004,pen2_tur_cam1_20250209_122030.jpg,4,1,Sternal_lying,Lateral_lying_right,1,"[933.0,162.5,158.0,412.0]",1280,720,annotation_ok,4,Sternal_lying,2026-03-18T16:43:30.689288
train_pen2_tur_cam1_20250209_124532_0008,pen2_tur_cam1_20250209_124532.jpg,3,2,Standing,Sitting,1,"[134.8,471.2,115.3,81.7]",1280,720,annotation_ok,3,Standing,2026-03-18T16:43:45.627350
train_pen2_tur_cam1_20250209_125714_0005,pen2_tur_cam1_20250209_125714.jpg,0,4,Lateral_lying_left,Sternal_lying,1,"[556.5,572.5,324.0,137.0]",1280,720,pred_correct,4,Sternal_lying,2026-03-18T16:43:50.065216
train_pen2_tur_cam1_20250215_095428_0002,pen2_tur_cam1_20250215_095428.jpg,0,4,Lateral_lying_left,Sternal_lying,1,"[528.5,459.0,328.0,186.0]",1280,720,pred_correct,4,Sternal_lying,2026-03-18T16:43:53.969457
train_pen2_tur_cam2_20250120_074749_0004,pen2_tur_cam2_20250120_074749.jpg,1,3,Lateral_lying_right,Standing,1,"[1903.0,642.0,316.0,450.0]",2688,1520,annotation_ok,1,Lateral_lying_right,2026-03-18T16:44:03.315728
train_pen1_orb_cam1_20250108_085757_0001,pen1_orb_cam1_20250108_085757.jpg,3,4,Standing,Sternal_lying,2,"[1282.5,426.0,229.0,440.0]",1920,1080,pred_correct,4,Sternal_lying,2026-03-18T17:22:29.175802
train_pen1_orb_cam1_20250108_085757_0003,pen1_orb_cam1_20250108_085757.jpg,0,3,Lateral_lying_left,Standing,2,"[772.3,157.3,428.7,230.7]",1920,1080,pred_correct,3,Standing,2026-03-18T17:22:38.391641
train_pen1_orb_cam2_20250108_134256_0000,pen1_orb_cam2_20250108_134256.jpg,4,1,Sternal_lying,Lateral_lying_right,2,"[624.0,92.0,369.0,150.0]",1920,1080,annotation_ok,4,Sternal_lying,2026-03-18T17:22:43.389951
train_pen1_tur_cam1_20250201_085101_0003,pen1_tur_cam1_20250201_085101.jpg,0,4,Lateral_lying_left,Sternal_lying,2,"[1299.0,668.0,312.0,165.0]",1920,1080,pred_correct,4,Sternal_lying,2026-03-18T17:22:47.757195
train_pen1_tur_cam1_20250201_085101_0006,pen1_tur_cam1_20250201_085101.jpg,0,4,Lateral_lying_left,Sternal_lying,2,"[1308.5,424.0,296.0,169.0]",1920,1080,pred_correct,4,Sternal_lying,2026-03-18T17:22:53.403148
train_pen1_tur_cam1_20250201_090121_0001,pen1_tur_cam1_20250201_090121.jpg,4,3,Sternal_lying,Standing,2,"[420.5,746.0,554.0,235.0]",1920,1080,annotation_ok,4,Sternal_lying,2026-03-18T17:23:11.098866
train_pen1_tur_cam1_20250203_095047_0008,pen1_tur_cam1_20250203_095047.jpg,4,1,Sternal_lying,Lateral_lying_right,2,"[1504.5,699.0,172.0,138.0]",1920,1080,annotation_ok,4,Sternal_lying,2026-03-18T17:23:45.889800
train_pen1_tur_cam2_20250122_093049_0005,pen1_tur_cam2_20250122_093049.jpg,4,0,Sternal_lying,Lateral_lying_left,2,"[493.5,550.0,406.0,157.0]",1280,720,annotation_ok,4,Sternal_lying,2026-03-18T17:24:09.077414
train_pen1_tur_cam2_20250122_100000_0005,pen1_tur_cam2_20250122_100000.jpg,0,4,Lateral_lying_left,Sternal_lying,2,"[410.0,584.0,352.0,121.0]",1280,720,annotation_ok,0,Lateral_lying_left,2026-03-18T17:24:18.478552
train_pen1_tur_cam2_20250122_113812_0004,pen1_tur_cam2_20250122_113812.jpg,4,1,Sternal_lying,Lateral_lying_right,2,"[217.5,546.0,293.0,133.0]",1280,720,annotation_ok,4,Sternal_lying,2026-03-18T17:24:28.152766
train_pen1_tur_cam2_20250122_115341_0000,pen1_tur_cam2_20250122_115341.jpg,4,2,Sternal_lying,Sitting,2,"[212.5,237.0,246.0,226.0]",1280,720,pred_correct,2,Sitting,2026-03-18T17:24:38.978317
train_pen1_tur_cam2_20250122_123554_0005,pen1_tur_cam2_20250122_123554.jpg,4,1,Sternal_lying,Lateral_lying_right,2,"[171.5,464.5,234.0,162.0]",1280,720,annotation_ok,4,Sternal_lying,2026-03-18T17:24:49.266473
train_pen1_tur_cam2_20250122_130417_0001,pen1_tur_cam2_20250122_130417.jpg,4,1,Sternal_lying,Lateral_lying_right,2,"[524.5,45.0,359.0,299.0]",1280,720,annotation_ok,4,Sternal_lying,2026-03-18T17:24:57.226837
train_pen1_tur_cam2_20250122_130417_0002,pen1_tur_cam2_20250122_130417.jpg,2,4,Sitting,Sternal_lying,2,"[200.5,445.5,271.0,211.0]",1280,720,annotation_ok,2,Sitting,2026-03-18T17:25:07.298948
train_pen1_tur_cam2_20250122_130557_0000,pen1_tur_cam2_20250122_130557.jpg,2,4,Sitting,Sternal_lying,2,"[222.0,426.6,281.0,238.0]",1280,720,annotation_ok,2,Sitting,2026-03-18T17:25:13.535547
train_pen1_tur_cam2_20250122_131917_0001,pen1_tur_cam2_20250122_131917.jpg,4,0,Sternal_lying,Lateral_lying_left,2,"[228.0,432.0,260.0,235.0]",1280,720,annotation_ok,4,Sternal_lying,2026-03-18T17:25:20.641771
train_pen1_tur_cam2_20250122_133418_0003,pen1_tur_cam2_20250122_133418.jpg,1,4,Lateral_lying_right,Sternal_lying,2,"[240.0,259.5,317.0,191.0]",1280,720,pred_correct,4,Sternal_lying,2026-03-18T17:25:25.939403
train_pen1_tur_cam2_20250122_133418_0004,pen1_tur_cam2_20250122_133418.jpg,0,4,Lateral_lying_left,Sternal_lying,2,"[390.5,522.5,371.0,183.0]",1280,720,pred_correct,4,Sternal_lying,2026-03-18T17:25:38.284278
train_pen1_tur_cam2_20250125_063337_0007,pen1_tur_cam2_20250125_063337.jpg,3,4,Standing,Sternal_lying,2,"[142.0,162.0,166.9,108.7]",1280,720,annotation_ok,3,Standing,2026-03-18T17:25:47.540527
train_pen1_tur_cam2_20250125_075939_0005,pen1_tur_cam2_20250125_075939.jpg,4,3,Sternal_lying,Standing,2,"[438.5,557.0,404.0,156.0]",1280,720,pred_correct,3,Standing,2026-03-18T17:25:51.991374
train_pen1_tur_cam2_20250125_075939_0007,pen1_tur_cam2_20250125_075939.jpg,4,0,Sternal_lying,Lateral_lying_left,2,"[265.0,568.5,256.7,126.0]",1280,720,annotation_ok,4,Sternal_lying,2026-03-18T17:26:04.986314
train_pen1_tur_cam2_20250125_081149_0005,pen1_tur_cam2_20250125_081149.jpg,0,4,Lateral_lying_left,Sternal_lying,2,"[244.0,562.5,278.0,129.0]",1280,720,pred_correct,4,Sternal_lying,2026-03-18T17:26:11.550518
train_pen1_tur_cam2_20250125_082719_0005,pen1_tur_cam2_20250125_082719.jpg,0,4,Lateral_lying_left,Sternal_lying,2,"[242.0,554.5,268.0,134.0]",1280,720,pred_correct,4,Sternal_lying,2026-03-18T17:26:16.243549
train_pen1_tur_cam2_20250125_090830_0006,pen1_tur_cam2_20250125_090830.jpg,4,1,Sternal_lying,Lateral_lying_right,2,"[453.0,38.0,319.0,138.0]",1280,720,annotation_ok,4,Sternal_lying,2026-03-18T17:26:24.236552
train_pen1_tur_cam2_20250125_092332_0001,pen1_tur_cam2_20250125_092332.jpg,2,4,Sitting,Sternal_lying,2,"[314.5,365.0,409.0,175.0]",1280,720,annotation_ok,2,Sitting,2026-03-18T17:26:31.275832
train_pen1_tur_cam2_20250125_092332_0006,pen1_tur_cam2_20250125_092332.jpg,4,1,Sternal_lying,Lateral_lying_right,2,"[450.5,37.0,329.0,132.0]",1280,720,annotation_ok,4,Sternal_lying,2026-03-18T17:26:49.209485
train_pen1_tur_cam2_20250125_110158_0005,pen1_tur_cam2_20250125_110158.jpg,0,4,Lateral_lying_left,Sternal_lying,2,"[282.5,300.0,321.0,186.0]",1280,720,pred_correct,4,Sternal_lying,2026-03-18T17:26:54.869795
train_pen1_tur_cam2_20250125_111339_0002,pen1_tur_cam2_20250125_111339.jpg,4,1,Sternal_lying,Lateral_lying_right,2,"[518.0,218.5,253.0,408.0]",1280,720,annotation_ok,4,Sternal_lying,2026-03-18T17:27:06.228635
train_pen1_tur_cam2_20250125_120423_0005,pen1_tur_cam2_20250125_120423.jpg,0,4,Lateral_lying_left,Sternal_lying,2,"[341.5,514.5,329.0,183.0]",1280,720,pred_correct,4,Sternal_lying,2026-03-18T17:27:11.870706
train_pen1_tur_cam2_20250125_121444_0006,pen1_tur_cam2_20250125_121444.jpg,4,1,Sternal_lying,Lateral_lying_right,2,"[70.8,367.3,50.8,217.0]",1280,720,annotation_ok,4,Sternal_lying,2026-03-18T17:27:30.433815
train_pen1_tur_cam2_20250125_124034_0005,pen1_tur_cam2_20250125_124034.jpg,2,4,Sitting,Sternal_lying,2,"[586.5,480.5,371.0,169.0]",1280,720,annotation_ok,2,Sitting,2026-03-18T17:27:36.108503
train_pen1_tur_cam2_20250125_124904_0005,pen1_tur_cam2_20250125_124904.jpg,0,4,Lateral_lying_left,Sternal_lying,2,"[664.0,391.5,306.0,291.0]",1280,720,pred_correct,4,Sternal_lying,2026-03-18T17:27:44.705190
train_pen1_tur_cam2_20250125_130435_0004,pen1_tur_cam2_20250125_130435.jpg,4,1,Sternal_lying,Lateral_lying_right,2,"[427.0,549.0,389.0,157.0]",1280,720,annotation_ok,4,Sternal_lying,2026-03-18T17:27:50.051088
train_pen1_tur_cam2_20250125_131645_0002,pen1_tur_cam2_20250125_131645.jpg,4,2,Sternal_lying,Sitting,2,"[278.5,289.0,332.0,189.0]",1280,720,pred_correct,2,Sitting,2026-03-18T17:27:57.329664
train_pen1_tur_cam2_20250125_134745_0004,pen1_tur_cam2_20250125_134745.jpg,4,0,Sternal_lying,Lateral_lying_left,2,"[264.5,485.0,297.0,195.0]",1280,720,pred_correct,0,Lateral_lying_left,2026-03-18T17:28:08.242647
train_pen1_tur_cam2_20250125_134745_0005,pen1_tur_cam2_20250125_134745.jpg,0,4,Lateral_lying_left,Sternal_lying,2,"[80.0,498.0,129.0,116.0]",1280,720,pred_correct,4,Sternal_lying,2026-03-18T17:28:17.511087
train_pen1_tur_cam2_20250125_141657_0007,pen1_tur_cam2_20250125_141657.jpg,4,3,Sternal_lying,Standing,2,"[183.0,230.7,86.1,286.0]",1280,720,annotation_ok,4,Sternal_lying,2026-03-18T17:28:35.239225
train_pen1_tur_cam2_20250125_143857_0005,pen1_tur_cam2_20250125_143857.jpg,3,4,Standing,Sternal_lying,2,"[105.0,520.5,198.0,106.0]",1280,720,annotation_ok,3,Standing,2026-03-18T17:28:42.610128
train_pen1_tur_cam2_20250125_143857_0007,pen1_tur_cam2_20250125_143857.jpg,4,3,Sternal_lying,Standing,2,"[45.5,358.0,74.0,220.0]",1280,720,annotation_ok,4,Sternal_lying,2026-03-18T17:28:50.206061
train_pen1_tur_cam2_20250126_083850_0000,pen1_tur_cam2_20250126_083850.jpg,1,4,Lateral_lying_right,Sternal_lying,2,"[378.9,239.5,400.0,222.0]",1280,720,pred_correct,4,Sternal_lying,2026-03-18T17:28:56.471032
train_pen1_tur_cam2_20250126_113836_0004,pen1_tur_cam2_20250126_113836.jpg,4,1,Sternal_lying,Lateral_lying_right,2,"[391.0,342.5,322.0,305.0]",1280,720,annotation_ok,4,Sternal_lying,2026-03-18T17:29:04.769814
train_pen1_tur_cam2_20250126_134554_0007,pen1_tur_cam2_20250126_134554.jpg,4,0,Sternal_lying,Lateral_lying_left,2,"[188.5,534.5,221.0,131.0]",1280,720,annotation_ok,4,Sternal_lying,2026-03-18T17:29:17.765199
train_pen1_tur_cam2_20250126_142057_0000,pen1_tur_cam2_20250126_142057.jpg,2,4,Sitting,Sternal_lying,2,"[378.4,465.0,389.0,249.0]",1280,720,pred_correct,4,Sternal_lying,2026-03-18T17:29:24.280714
train_pen1_tur_cam2_20250126_142057_0004,pen1_tur_cam2_20250126_142057.jpg,4,1,Sternal_lying,Lateral_lying_right,2,"[460.5,34.5,331.0,168.0]",1280,720,annotation_ok,4,Sternal_lying,2026-03-18T17:29:29.686608
train_pen1_tur_cam2_20250126_143609_0005,pen1_tur_cam2_20250126_143609.jpg,4,1,Sternal_lying,Lateral_lying_right,2,"[392.9,565.0,337.0,142.0]",1280,720,annotation_ok,4,Sternal_lying,2026-03-18T19:52:03.292043
train_pen1_tur_cam2_20250127_103822_0007,pen1_tur_cam2_20250127_103822.jpg,4,3,Sternal_lying,Standing,2,"[148.5,138.5,128.0,103.0]",1280,720,pred_correct,3,Standing,2026-03-18T19:52:09.658191
train_pen1_tur_cam2_20250127_105323_0003,pen1_tur_cam2_20250127_105323.jpg,0,4,Lateral_lying_left,Sternal_lying,2,"[164.0,382.0,175.0,262.0]",1280,720,pred_correct,4,Sternal_lying,2026-03-18T19:52:24.461658
train_pen1_tur_cam2_20250127_105323_0004,pen1_tur_cam2_20250127_105323.jpg,0,4,Lateral_lying_left,Sternal_lying,2,"[505.0,25.5,308.0,172.0]",1280,720,pred_correct,4,Sternal_lying,2026-03-18T19:53:57.943708
train_pen1_tur_cam2_20250127_120829_0006,pen1_tur_cam2_20250127_120829.jpg,4,2,Sternal_lying,Sitting,2,"[123.0,136.5,152.0,134.0]",1280,720,annotation_ok,4,Sternal_lying,2026-03-18T19:54:05.333505
train_pen1_tur_cam2_20250127_125612_0003,pen1_tur_cam2_20250127_125612.jpg,0,4,Lateral_lying_left,Sternal_lying,2,"[456.5,542.0,481.0,168.0]",1280,720,annotation_ok,0,Lateral_lying_left,2026-03-18T19:54:13.852145
train_pen1_tur_cam2_20250127_142213_0006,pen1_tur_cam2_20250127_142213.jpg,4,0,Sternal_lying,Lateral_lying_left,2,"[484.5,32.5,320.0,155.0]",1280,720,pred_correct,0,Lateral_lying_left,2026-03-18T19:54:18.685459
train_pen1_tur_cam2_20250127_142723_0007,pen1_tur_cam2_20250127_142723.jpg,3,4,Standing,Sternal_lying,2,"[508.8,226.8,248.3,455.2]",1280,720,annotation_ok,3,Standing,2026-03-18T19:54:29.971661
train_pen1_tur_cam2_20250127_150014_0002,pen1_tur_cam2_20250127_150014.jpg,4,0,Sternal_lying,Lateral_lying_left,2,"[743.0,252.0,147.0,463.0]",1280,720,annotation_ok,4,Sternal_lying,2026-03-18T19:54:41.869860
train_pen1_tur_cam2_20250127_150014_0005,pen1_tur_cam2_20250127_150014.jpg,4,1,Sternal_lying,Lateral_lying_right,2,"[856.5,197.0,134.0,396.0]",1280,720,annotation_ok,4,Sternal_lying,2026-03-18T19:54:50.422387
train_pen1_tur_cam2_20250127_160028_0004,pen1_tur_cam2_20250127_160028.jpg,2,3,Sitting,Standing,2,"[290.5,265.0,294.0,204.0]",1280,720,annotation_ok,2,Sitting,2026-03-18T19:54:56.883116
train_pen1_tur_cam2_20250201_093221_0006,pen1_tur_cam2_20250201_093221.jpg,4,1,Sternal_lying,Lateral_lying_right,2,"[684.5,62.0,486.0,220.0]",1920,1080,annotation_ok,4,Sternal_lying,2026-03-18T19:55:02.205256
train_pen1_tur_cam2_20250201_140445_0003,pen1_tur_cam2_20250201_140445.jpg,0,4,Lateral_lying_left,Sternal_lying,2,"[1014.0,238.0,304.0,686.0]",1920,1080,pred_correct,4,Sternal_lying,2026-03-18T19:55:15.014546
train_pen1_tur_cam2_20250202_154625_0003,pen1_tur_cam2_20250202_154625.jpg,1,4,Lateral_lying_right,Sternal_lying,2,"[323.0,339.0,328.0,280.0]",1920,1080,pred_correct,4,Sternal_lying,2026-03-18T19:55:25.723793
train_pen1_tur_cam2_20250202_154625_0009,pen1_tur_cam2_20250202_154625.jpg,4,1,Sternal_lying,Lateral_lying_right,2,"[375.0,246.0,363.0,173.0]",1920,1080,annotation_ok,4,Sternal_lying,2026-03-18T19:55:31.971504
train_pen1_tur_cam2_20250203_094548_0005,pen1_tur_cam2_20250203_094548.jpg,0,4,Lateral_lying_left,Sternal_lying,2,"[681.5,73.0,502.0,174.0]",1920,1080,pred_correct,4,Sternal_lying,2026-03-18T19:55:38.133650
train_pen1_tur_cam2_20250203_103409_0008,pen1_tur_cam2_20250203_103409.jpg,3,4,Standing,Sternal_lying,2,"[85.0,301.0,115.0,315.0]",1920,1080,pred_correct,4,Sternal_lying,2026-03-18T19:55:43.039104
train_pen1_tur_cam2_20250203_113553_0008,pen1_tur_cam2_20250203_113553.jpg,4,1,Sternal_lying,Lateral_lying_right,2,"[203.5,216.0,198.0,154.0]",1920,1080,annotation_ok,4,Sternal_lying,2026-03-18T19:55:50.871612
train_pen1_tur_cam2_20250203_114554_0007,pen1_tur_cam2_20250203_114554.jpg,3,2,Standing,Sitting,2,"[263.0,284.5,149.0,383.0]",1920,1080,annotation_ok,3,Standing,2026-03-18T19:56:23.660986
train_pen1_tur_cam2_20250203_115915_0009,pen1_tur_cam2_20250203_115915.jpg,0,2,Lateral_lying_left,Sitting,2,"[215.5,222.5,137.0,198.0]",1920,1080,annotation_ok,0,Lateral_lying_left,2026-03-18T19:56:28.807057
train_pen1_tur_cam2_20250203_120415_0008,pen1_tur_cam2_20250203_120415.jpg,0,4,Lateral_lying_left,Sternal_lying,2,"[218.0,211.0,186.0,191.0]",1920,1080,pred_correct,4,Sternal_lying,2026-03-18T19:56:45.109103
train_pen1_tur_cam2_20250207_122432_0003,pen1_tur_cam2_20250207_122432.jpg,4,0,Sternal_lying,Lateral_lying_left,2,"[420.5,486.0,375.0,220.0]",1280,720,annotation_ok,4,Sternal_lying,2026-03-18T19:56:50.905691
train_pen1_tur_cam2_20250207_122432_0005,pen1_tur_cam2_20250207_122432.jpg,4,0,Sternal_lying,Lateral_lying_left,2,"[250.0,551.5,298.0,142.0]",1280,720,annotation_ok,4,Sternal_lying,2026-03-18T19:56:55.033815
train_pen1_tur_cam2_20250207_122432_0007,pen1_tur_cam2_20250207_122432.jpg,4,0,Sternal_lying,Lateral_lying_left,2,"[125.5,137.0,142.0,158.0]",1280,720,annotation_ok,4,Sternal_lying,2026-03-18T19:57:02.425845
train_pen1_tur_cam2_20250207_124433_0006,pen1_tur_cam2_20250207_124433.jpg,3,4,Standing,Sternal_lying,2,"[134.5,155.5,155.0,189.0]",1280,720,annotation_ok,3,Standing,2026-03-18T19:57:09.693554
train_pen1_tur_cam2_20250207_131255_0009,pen1_tur_cam2_20250207_131255.jpg,3,4,Standing,Sternal_lying,2,"[68.0,185.5,84.0,145.0]",1280,720,annotation_ok,3,Standing,2026-03-18T19:57:16.941756
train_pen1_tur_cam2_20250207_132256_0000,pen1_tur_cam2_20250207_132256.jpg,1,4,Lateral_lying_right,Sternal_lying,2,"[621.0,342.0,278.0,337.0]",1280,720,pred_correct,4,Sternal_lying,2026-03-18T19:57:23.493157
train_pen1_tur_cam2_20250207_132256_0005,pen1_tur_cam2_20250207_132256.jpg,3,4,Standing,Sternal_lying,2,"[88.0,140.0,186.0,181.0]",1280,720,annotation_ok,3,Standing,2026-03-18T19:57:30.072910
train_pen1_tur_cam2_20250207_132936_0006,pen1_tur_cam2_20250207_132936.jpg,4,1,Sternal_lying,Lateral_lying_right,2,"[726.0,238.6,243.0,313.0]",1280,720,annotation_ok,4,Sternal_lying,2026-03-18T19:57:35.165842
train_pen1_tur_cam2_20250207_134438_0007,pen1_tur_cam2_20250207_134438.jpg,4,0,Sternal_lying,Lateral_lying_left,2,"[234.0,453.0,252.0,133.0]",1280,720,annotation_ok,4,Sternal_lying,2026-03-18T19:57:41.044857
train_pen1_tur_cam2_20250207_134438_0009,pen1_tur_cam2_20250207_134438.jpg,1,4,Lateral_lying_right,Sternal_lying,2,"[77.0,191.0,87.0,200.0]",1280,720,annotation_ok,1,Lateral_lying_right,2026-03-18T19:57:54.599518
train_pen1_tur_cam2_20250207_143942_0009,pen1_tur_cam2_20250207_143942.jpg,4,0,Sternal_lying,Lateral_lying_left,2,"[810.9,155.0,191.0,362.0]",1280,720,annotation_ok,4,Sternal_lying,2026-03-18T19:58:01.730646
train_pen1_tur_cam2_20250220_070521_0009,pen1_tur_cam2_20250220_070521.jpg,4,2,Sternal_lying,Sitting,2,"[733.0,61.5,219.0,303.0]",1280,720,annotation_ok,4,Sternal_lying,2026-03-18T19:58:16.242005
train_pen1_tur_cam2_20250220_075344_0001,pen1_tur_cam2_20250220_075344.jpg,0,4,Lateral_lying_left,Sternal_lying,2,"[175.0,410.5,244.0,210.0]",1280,720,pred_correct,4,Sternal_lying,2026-03-18T19:58:26.980226
train_pen1_tur_cam2_20250220_081846_0004,pen1_tur_cam2_20250220_081846.jpg,4,1,Sternal_lying,Lateral_lying_right,2,"[429.0,40.5,287.0,173.0]",1280,720,annotation_ok,4,Sternal_lying,2026-03-18T19:58:48.257268
train_pen1_tur_cam2_20250220_083027_0008,pen1_tur_cam2_20250220_083027.jpg,2,4,Sitting,Sternal_lying,2,"[401.5,97.5,320.0,117.0]",1280,720,pred_correct,4,Sternal_lying,2026-03-18T19:58:52.811382
train_pen1_tur_cam2_20250220_083027_0009,pen1_tur_cam2_20250220_083027.jpg,4,1,Sternal_lying,Lateral_lying_right,2,"[134.8,143.2,136.3,122.5]",1280,720,annotation_ok,4,Sternal_lying,2026-03-18T19:58:58.136333
train_pen1_tur_cam2_20250220_084528_0004,pen1_tur_cam2_20250220_084528.jpg,3,4,Standing,Sternal_lying,2,"[553.5,573.5,455.0,146.0]",1280,720,annotation_ok,3,Standing,2026-03-18T19:59:08.085059
train_pen1_tur_cam2_20250220_092030_0009,pen1_tur_cam2_20250220_092030.jpg,4,1,Sternal_lying,Lateral_lying_right,2,"[133.0,145.6,137.8,101.2]",1280,720,annotation_ok,4,Sternal_lying,2026-03-18T19:59:13.905416
train_pen1_tur_cam2_20250220_093532_0001,pen1_tur_cam2_20250220_093532.jpg,0,4,Lateral_lying_left,Sternal_lying,2,"[313.9,298.0,259.0,307.0]",1280,720,pred_correct,4,Sternal_lying,2026-03-18T19:59:19.477932
train_pen1_tur_cam2_20250220_105357_0009,pen1_tur_cam2_20250220_105357.jpg,3,4,Standing,Sternal_lying,2,"[167.5,138.0,95.0,153.0]",1280,720,annotation_ok,3,Standing,2026-03-18T19:59:28.403429
train_pen1_tur_cam2_20250220_105858_0003,pen1_tur_cam2_20250220_105858.jpg,1,4,Lateral_lying_right,Sternal_lying,2,"[698.5,202.0,204.0,391.0]",1280,720,pred_correct,4,Sternal_lying,2026-03-18T19:59:34.312809
train_pen1_tur_cam2_20250220_110538_0005,pen1_tur_cam2_20250220_110538.jpg,4,1,Sternal_lying,Lateral_lying_right,2,"[594.4,566.5,390.0,146.0]",1280,720,annotation_ok,4,Sternal_lying,2026-03-18T19:59:40.012129
train_pen2_orb_cam1_20250108_081049_0004,pen2_orb_cam1_20250108_081049.jpg,1,4,Lateral_lying_right,Sternal_lying,2,"[616.0,238.0,224.0,307.0]",1920,1080,pred_correct,4,Sternal_lying,2026-03-18T19:59:46.726062
train_pen2_orb_cam1_20250108_081054_0004,pen2_orb_cam1_20250108_081054.jpg,1,4,Lateral_lying_right,Sternal_lying,2,"[616.0,240.0,228.0,348.0]",1920,1080,pred_correct,4,Sternal_lying,2026-03-18T19:59:53.368991
train_pen2_orb_cam1_20250108_081953_0004,pen2_orb_cam1_20250108_081953.jpg,4,1,Sternal_lying,Lateral_lying_right,2,"[617.0,236.0,240.0,304.0]",1920,1080,annotation_ok,4,Sternal_lying,2026-03-18T20:03:30.288371
train_pen2_orb_cam1_20250108_082840_0001,pen2_orb_cam1_20250108_082840.jpg,4,1,Sternal_lying,Lateral_lying_right,2,"[946.0,643.0,454.0,435.0]",1920,1080,pred_correct,1,Lateral_lying_right,2026-03-18T20:03:39.395432
train_pen2_orb_cam1_20250108_083307_0001,pen2_orb_cam1_20250108_083307.jpg,3,4,Standing,Sternal_lying,2,"[1069.0,596.0,308.0,482.0]",1920,1080,annotation_ok,3,Standing,2026-03-18T20:03:44.527345
train_pen2_orb_cam2_20250217_125913_0007,pen2_orb_cam2_20250217_125913.jpg,0,4,Lateral_lying_left,Sternal_lying,2,"[859.0,114.5,283.0,132.0]",1920,1080,pred_correct,4,Sternal_lying,2026-03-18T20:04:02.885036
train_pen2_tur_cam1_20250109_070201_0002,pen2_tur_cam1_20250109_070201.jpg,4,2,Sternal_lying,Sitting,2,"[769.5,70.5,220.0,450.0]",1280,720,pred_correct,2,Sitting,2026-03-18T20:04:29.109770
train_pen2_tur_cam1_20250109_070201_0004,pen2_tur_cam1_20250109_070201.jpg,1,4,Lateral_lying_right,Sternal_lying,2,"[909.5,192.5,177.0,441.0]",1280,720,pred_correct,4,Sternal_lying,2026-03-18T20:04:40.129094
train_pen2_tur_cam1_20250109_070456_0007,pen2_tur_cam1_20250109_070456.jpg,4,3,Sternal_lying,Standing,2,"[175.0,479.0,167.0,101.0]",1280,720,pred_correct,3,Standing,2026-03-18T20:04:45.435193
train_pen2_tur_cam1_20250109_071327_0008,pen2_tur_cam1_20250109_071327.jpg,3,2,Standing,Sitting,2,"[958.5,55.0,149.0,425.0]",1280,720,pred_correct,2,Sitting,2026-03-18T20:04:58.297336
train_pen2_tur_cam1_20250109_071437_0002,pen2_tur_cam1_20250109_071437.jpg,2,4,Sitting,Sternal_lying,2,"[885.0,31.0,205.0,444.0]",1280,720,annotation_ok,2,Sitting,2026-03-18T20:05:10.318317
train_pen2_tur_cam1_20250109_072432_0008,pen2_tur_cam1_20250109_072432.jpg,1,4,Lateral_lying_right,Sternal_lying,2,"[194.5,439.0,160.0,135.0]",1280,720,annotation_ok,1,Lateral_lying_right,2026-03-18T20:05:18.343603
train_pen2_tur_cam1_20250109_072542_0001,pen2_tur_cam1_20250109_072542.jpg,4,3,Sternal_lying,Standing,2,"[550.0,504.0,340.0,215.0]",1280,720,annotation_ok,4,Sternal_lying,2026-03-18T20:05:28.863657
train_pen2_tur_cam1_20250109_072905_0003,pen2_tur_cam1_20250109_072905.jpg,3,4,Standing,Sternal_lying,2,"[447.5,159.0,365.0,213.0]",1280,720,pred_correct,4,Sternal_lying,2026-03-18T20:05:34.624328
train_pen2_tur_cam1_20250109_072954_0008,pen2_tur_cam1_20250109_072954.jpg,1,4,Lateral_lying_right,Sternal_lying,2,"[197.4,472.5,150.2,99.0]",1280,720,annotation_ok,1,Lateral_lying_right,2026-03-18T20:05:57.167031
train_pen2_tur_cam1_20250109_073242_0003,pen2_tur_cam1_20250109_073242.jpg,4,2,Sternal_lying,Sitting,2,"[664.5,118.0,180.0,437.0]",1280,720,pred_correct,2,Sitting,2026-03-18T20:06:08.452490
train_pen2_tur_cam1_20250109_074813_0008,pen2_tur_cam1_20250109_074813.jpg,4,1,Sternal_lying,Lateral_lying_right,2,"[202.0,428.6,156.0,142.0]",1280,720,annotation_ok,4,Sternal_lying,2026-03-18T20:06:19.244089
train_pen2_tur_cam1_20250109_075115_0007,pen2_tur_cam1_20250109_075115.jpg,1,4,Lateral_lying_right,Sternal_lying,2,"[204.4,444.0,147.0,129.0]",1280,720,pred_correct,4,Sternal_lying,2026-03-18T20:06:26.971173
train_pen2_tur_cam1_20250109_075403_0006,pen2_tur_cam1_20250109_075403.jpg,4,1,Sternal_lying,Lateral_lying_right,2,"[205.7,424.6,151.0,148.0]",1280,720,annotation_ok,4,Sternal_lying,2026-03-18T20:06:30.997913
train_pen2_tur_cam1_20250109_075808_0002,pen2_tur_cam1_20250109_075808.jpg,4,0,Sternal_lying,Lateral_lying_left,2,"[135.5,344.5,141.0,128.0]",1280,720,annotation_ok,4,Sternal_lying,2026-03-18T20:06:41.334395
train_pen2_tur_cam1_20250109_075918_0007,pen2_tur_cam1_20250109_075918.jpg,1,4,Lateral_lying_right,Sternal_lying,2,"[954.5,39.5,140.0,429.0]",1280,720,pred_correct,4,Sternal_lying,2026-03-18T20:06:54.335729
train_pen2_tur_cam1_20250109_080220_0007,pen2_tur_cam1_20250109_080220.jpg,1,4,Lateral_lying_right,Sternal_lying,2,"[545.5,507.0,402.0,143.0]",1280,720,annotation_ok,1,Lateral_lying_right,2026-03-18T20:07:01.134124
train_pen2_tur_cam1_20250109_080419_0007,pen2_tur_cam1_20250109_080419.jpg,4,0,Sternal_lying,Lateral_lying_left,2,"[142.0,342.0,140.0,134.0]",1280,720,annotation_ok,4,Sternal_lying,2026-03-18T20:07:07.390592
train_pen2_tur_cam1_20250109_080508_0007,pen2_tur_cam1_20250109_080508.jpg,4,3,Sternal_lying,Standing,2,"[969.0,2.0,133.0,495.0]",1280,720,annotation_ok,4,Sternal_lying,2026-03-18T20:07:16.099932
train_pen2_tur_cam1_20250109_080639_0000,pen2_tur_cam1_20250109_080639.jpg,1,4,Lateral_lying_right,Sternal_lying,2,"[621.5,374.5,311.0,295.0]",1280,720,annotation_ok,1,Lateral_lying_right,2026-03-18T20:07:33.131295
train_pen2_tur_cam1_20250120_071248_0003,pen2_tur_cam1_20250120_071248.jpg,4,2,Sternal_lying,Sitting,2,"[644.0,360.0,738.0,326.0]",2688,1520,annotation_ok,4,Sternal_lying,2026-03-18T20:07:42.406945
train_pen2_tur_cam1_20250120_072748_0002,pen2_tur_cam1_20250120_072748.jpg,1,4,Lateral_lying_right,Sternal_lying,2,"[1621.0,37.5,396.0,909.0]",2688,1520,pred_correct,4,Sternal_lying,2026-03-18T20:07:50.271729
train_pen2_tur_cam1_20250120_072748_0007,pen2_tur_cam1_20250120_072748.jpg,4,0,Sternal_lying,Lateral_lying_left,2,"[293.5,781.5,295.0,472.0]",2688,1520,annotation_ok,4,Sternal_lying,2026-03-18T20:07:57.460211
train_pen2_tur_cam1_20250120_072748_0008,pen2_tur_cam1_20250120_072748.jpg,0,4,Lateral_lying_left,Sternal_lying,2,"[1147.7,1146.5,781.0,368.0]",2688,1520,pred_correct,4,Sternal_lying,2026-03-18T20:08:01.934300
train_pen2_tur_cam1_20250120_072929_0002,pen2_tur_cam1_20250120_072929.jpg,1,4,Lateral_lying_right,Sternal_lying,2,"[1606.5,45.5,410.0,897.0]",2688,1520,pred_correct,4,Sternal_lying,2026-03-18T20:08:10.879701
train_pen2_tur_cam1_20250120_072929_0003,pen2_tur_cam1_20250120_072929.jpg,0,4,Lateral_lying_left,Sternal_lying,2,"[1140.5,1174.5,784.0,340.0]",2688,1520,pred_correct,4,Sternal_lying,2026-03-18T20:08:16.993197
train_pen2_tur_cam1_20250120_085935_0006,pen2_tur_cam1_20250120_085935.jpg,1,4,Lateral_lying_right,Sternal_lying,2,"[1717.0,299.5,432.0,966.0]",2688,1520,pred_correct,4,Sternal_lying,2026-03-18T20:08:25.172138
train_pen2_tur_cam1_20250120_112304_0006,pen2_tur_cam1_20250120_112304.jpg,1,3,Lateral_lying_right,Standing,2,"[277.5,543.5,156.0,466.0]",2688,1520,annotation_ok,1,Lateral_lying_right,2026-03-18T20:08:36.357558
train_pen2_tur_cam1_20250120_112444_0008,pen2_tur_cam1_20250120_112444.jpg,1,4,Lateral_lying_right,Sternal_lying,2,"[276.2,525.5,182.0,478.3]",2688,1520,pred_correct,4,Sternal_lying,2026-03-18T20:08:51.524867
train_pen2_tur_cam1_20250120_113945_0006,pen2_tur_cam1_20250120_113945.jpg,3,2,Standing,Sitting,2,"[323.3,904.3,245.7,210.0]",2688,1520,annotation_ok,3,Standing,2026-03-18T20:08:58.439449
train_pen2_tur_cam1_20250120_114946_0008,pen2_tur_cam1_20250120_114946.jpg,1,0,Lateral_lying_right,Lateral_lying_left,2,"[367.8,822.2,307.0,345.0]",2688,1520,pred_correct,0,Lateral_lying_left,2026-03-18T20:09:07.107136
train_pen2_tur_cam1_20250120_132701_0002,pen2_tur_cam1_20250120_132701.jpg,4,2,Sternal_lying,Sitting,2,"[1048.0,1074.0,720.0,431.0]",2688,1520,pred_correct,2,Sitting,2026-03-18T20:09:21.545244
train_pen2_tur_cam1_20250120_132701_0006,pen2_tur_cam1_20250120_132701.jpg,1,3,Lateral_lying_right,Standing,2,"[332.0,527.5,233.1,545.6]",2688,1520,pred_correct,3,Standing,2026-03-18T20:09:27.660274
train_pen2_tur_cam1_20250120_132701_0007,pen2_tur_cam1_20250120_132701.jpg,4,0,Sternal_lying,Lateral_lying_left,2,"[278.0,559.0,177.0,473.0]",2688,1520,annotation_ok,4,Sternal_lying,2026-03-18T20:09:47.339440
train_pen2_tur_cam1_20250120_141228_0007,pen2_tur_cam1_20250120_141228.jpg,0,4,Lateral_lying_left,Sternal_lying,2,"[313.5,894.7,399.0,292.0]",2688,1520,annotation_ok,0,Lateral_lying_left,2026-03-18T20:10:01.483470
train_pen2_tur_cam1_20250120_143231_0002,pen2_tur_cam1_20250120_143231.jpg,0,4,Lateral_lying_left,Sternal_lying,2,"[1177.0,903.5,727.0,372.0]",2688,1520,pred_correct,4,Sternal_lying,2026-03-18T20:10:06.982371
train_pen2_tur_cam1_20250120_143231_0003,pen2_tur_cam1_20250120_143231.jpg,3,4,Standing,Sternal_lying,2,"[996.5,515.5,491.0,809.0]",2688,1520,annotation_ok,3,Standing,2026-03-18T20:10:12.023499
train_pen2_tur_cam1_20250120_150225_0006,pen2_tur_cam1_20250120_150225.jpg,1,4,Lateral_lying_right,Sternal_lying,2,"[630.0,91.0,629.0,285.0]",2688,1520,pred_correct,4,Sternal_lying,2026-03-18T20:10:20.448444
train_pen2_tur_cam1_20250123_100000_0008,pen2_tur_cam1_20250123_100000.jpg,4,1,Sternal_lying,Lateral_lying_right,2,"[240.0,147.0,238.0,192.0]",1280,720,annotation_ok,4,Sternal_lying,2026-03-19T11:19:17.001019
train_pen2_tur_cam1_20250123_112007_0007,pen2_tur_cam1_20250123_112007.jpg,1,3,Lateral_lying_right,Standing,2,"[240.0,180.7,136.7,299.3]",1280,720,annotation_ok,1,Lateral_lying_right,2026-03-19T11:19:36.263554
train_pen2_tur_cam1_20250123_120510_0006,pen2_tur_cam1_20250123_120510.jpg,0,4,Lateral_lying_left,Sternal_lying,2,"[524.5,567.8,369.0,148.0]",1280,720,pred_correct,4,Sternal_lying,2026-03-19T11:19:44.201119
train_pen2_tur_cam1_20250123_121831_0007,pen2_tur_cam1_20250123_121831.jpg,0,4,Lateral_lying_left,Sternal_lying,2,"[192.7,369.7,121.8,177.3]",1280,720,annotation_ok,0,Lateral_lying_left,2026-03-19T11:19:52.150258
train_pen2_tur_cam1_20250123_132856_0004,pen2_tur_cam1_20250123_132856.jpg,0,4,Lateral_lying_left,Sternal_lying,2,"[537.5,557.5,362.0,154.0]",1280,720,pred_correct,4,Sternal_lying,2026-03-19T11:20:06.582726
train_pen2_tur_cam1_20250123_133216_0000,pen2_tur_cam1_20250123_133216.jpg,0,4,Lateral_lying_left,Sternal_lying,2,"[535.0,508.5,393.0,210.0]",1280,720,annotation_ok,0,Lateral_lying_left,2026-03-19T11:20:17.004844
train_pen2_tur_cam1_20250123_144617_0004,pen2_tur_cam1_20250123_144617.jpg,3,4,Standing,Sternal_lying,2,"[892.0,47.0,208.0,483.0]",1280,720,pred_correct,4,Sternal_lying,2026-03-19T11:20:28.560613
train_pen2_tur_cam1_20250124_085635_0006,pen2_tur_cam1_20250124_085635.jpg,0,4,Lateral_lying_left,Sternal_lying,2,"[534.5,581.5,372.0,136.0]",1280,720,pred_correct,4,Sternal_lying,2026-03-19T11:20:42.230037
train_pen2_tur_cam1_20250124_085635_0008,pen2_tur_cam1_20250124_085635.jpg,0,4,Lateral_lying_left,Sternal_lying,2,"[200.0,454.5,134.5,117.2]",1280,720,skip,0,Lateral_lying_left,2026-03-19T11:21:05.704198
train_pen2_tur_cam1_20250209_071649_0000,pen2_tur_cam1_20250209_071649.jpg,4,0,Sternal_lying,Lateral_lying_left,2,"[723.5,146.5,218.0,370.0]",1280,720,annotation_ok,4,Sternal_lying,2026-03-19T11:21:15.924791
train_pen2_tur_cam1_20250209_075652_0006,pen2_tur_cam1_20250209_075652.jpg,1,4,Lateral_lying_right,Sternal_lying,2,"[220.0,442.5,136.0,128.0]",1280,720,pred_correct,4,Sternal_lying,2026-03-19T11:21:23.127160
train_pen2_tur_cam1_20250209_081012_0002,pen2_tur_cam1_20250209_081012.jpg,4,0,Sternal_lying,Lateral_lying_left,2,"[577.5,430.0,352.0,203.0]",1280,720,annotation_ok,4,Sternal_lying,2026-03-19T11:21:31.341813
train_pen2_tur_cam1_20250209_090516_0003,pen2_tur_cam1_20250209_090516.jpg,4,2,Sternal_lying,Sitting,2,"[444.5,69.5,300.0,230.0]",1280,720,annotation_ok,4,Sternal_lying,2026-03-19T11:21:48.482025
train_pen2_tur_cam1_20250209_104203_0003,pen2_tur_cam1_20250209_104203.jpg,2,4,Sitting,Sternal_lying,2,"[354.0,102.0,176.0,271.0]",1280,720,pred_correct,4,Sternal_lying,2026-03-19T11:22:06.377718
train_pen2_tur_cam1_20250209_104203_0006,pen2_tur_cam1_20250209_104203.jpg,2,0,Sitting,Lateral_lying_left,2,"[884.0,37.0,216.0,419.0]",1280,720,skip,2,Sitting,2026-03-19T11:23:03.177591
train_pen2_tur_cam1_20250209_110524_0001,pen2_tur_cam1_20250209_110524.jpg,1,4,Lateral_lying_right,Sternal_lying,2,"[730.5,188.0,181.0,368.0]",1280,720,annotation_ok,1,Lateral_lying_right,2026-03-19T11:23:17.721717
train_pen2_tur_cam1_20250209_110524_0003,pen2_tur_cam1_20250209_110524.jpg,0,4,Lateral_lying_left,Sternal_lying,2,"[831.0,96.0,215.0,392.0]",1280,720,annotation_ok,0,Lateral_lying_left,2026-03-19T11:23:25.666406
train_pen2_tur_cam1_20250209_110524_0006,pen2_tur_cam1_20250209_110524.jpg,0,4,Lateral_lying_left,Sternal_lying,2,"[916.5,35.0,180.0,369.0]",1280,720,pred_correct,4,Sternal_lying,2026-03-19T11:23:35.710178
train_pen2_tur_cam1_20250209_115709_0008,pen2_tur_cam1_20250209_115709.jpg,0,4,Lateral_lying_left,Sternal_lying,2,"[224.8,466.3,120.5,105.2]",1280,720,annotation_ok,0,Lateral_lying_left,2026-03-19T11:23:43.052481
train_pen2_tur_cam1_20250209_124712_0004,pen2_tur_cam1_20250209_124712.jpg,2,4,Sitting,Sternal_lying,2,"[888.0,336.0,156.0,298.0]",1280,720,annotation_ok,2,Sitting,2026-03-19T11:23:48.030300
train_pen2_tur_cam1_20250209_131034_0008,pen2_tur_cam1_20250209_131034.jpg,4,0,Sternal_lying,Lateral_lying_left,2,"[189.5,453.5,142.0,103.0]",1280,720,annotation_ok,4,Sternal_lying,2026-03-19T11:23:58.446961
train_pen2_tur_cam1_20250209_132035_0002,pen2_tur_cam1_20250209_132035.jpg,4,0,Sternal_lying,Lateral_lying_left,2,"[817.0,205.0,185.0,400.0]",1280,720,annotation_ok,4,Sternal_lying,2026-03-19T11:24:05.477337
train_pen2_tur_cam1_20250209_132035_0007,pen2_tur_cam1_20250209_132035.jpg,0,4,Lateral_lying_left,Sternal_lying,2,"[158.0,314.5,62.0,211.0]",1280,720,annotation_ok,0,Lateral_lying_left,2026-03-19T11:24:16.744810
train_pen2_tur_cam1_20250209_134717_0005,pen2_tur_cam1_20250209_134717.jpg,4,0,Sternal_lying,Lateral_lying_left,2,"[821.5,199.0,169.0,409.0]",1280,720,annotation_ok,4,Sternal_lying,2026-03-19T11:24:42.011505
train_pen2_tur_cam1_20250209_141220_0001,pen2_tur_cam1_20250209_141220.jpg,2,4,Sitting,Sternal_lying,2,"[542.5,347.5,334.0,248.0]",1280,720,annotation_ok,2,Sitting,2026-03-19T11:24:48.355505
train_pen2_tur_cam1_20250209_141220_0008,pen2_tur_cam1_20250209_141220.jpg,0,4,Lateral_lying_left,Sternal_lying,2,"[919.0,207.5,145.0,379.0]",1280,720,pred_correct,4,Sternal_lying,2026-03-19T11:24:57.767538
train_pen2_tur_cam1_20250209_142540_0000,pen2_tur_cam1_20250209_142540.jpg,4,0,Sternal_lying,Lateral_lying_left,2,"[526.5,317.5,231.0,277.0]",1280,720,manual,3,Standing,2026-03-19T12:04:24.211637
train_pen2_tur_cam1_20250215_095248_0008,pen2_tur_cam1_20250215_095248.jpg,2,3,Sitting,Standing,2,"[121.7,392.0,151.5,144.2]",1280,720,pred_correct,3,Standing,2026-03-19T12:05:05.247131
train_pen2_tur_cam2_20250120_075750_0008,pen2_tur_cam2_20250120_075750.jpg,0,4,Lateral_lying_left,Sternal_lying,2,"[1940.0,858.0,227.0,250.0]",2688,1520,annotation_ok,0,Lateral_lying_left,2026-03-19T12:05:13.298307
train_pen2_tur_cam2_20250120_081752_0006,pen2_tur_cam2_20250120_081752.jpg,2,3,Sitting,Standing,2,"[2059.0,381.0,299.0,467.0]",2688,1520,pred_correct,3,Standing,2026-03-19T12:05:39.112142
train_pen1_orb_cam1_20250108_085747_0001,pen1_orb_cam1_20250108_085747.jpg,3,4,Standing,Sternal_lying,3,"[1282.0,426.5,227.0,435.0]",1920,1080,pred_correct,4,Sternal_lying,2026-03-19T16:25:40.668599
train_pen1_orb_cam2_20250108_083301_0004,pen1_orb_cam2_20250108_083301.jpg,3,4,Standing,Sternal_lying,3,"[428.3,598.3,292.3,477.7]",1920,1080,pred_correct,4,Sternal_lying,2026-03-19T16:25:49.246942
train_pen1_orb_cam2_20250108_091603_0001,pen1_orb_cam2_20250108_091603.jpg,4,3,Sternal_lying,Standing,3,"[1135.0,391.0,281.0,584.0]",1920,1080,annotation_ok,4,Sternal_lying,2026-03-19T16:26:02.021516
train_pen1_tur_cam1_20250201_091501_0004,pen1_tur_cam1_20250201_091501.jpg,3,2,Standing,Sitting,3,"[444.5,1.5,445.0,358.0]",1920,1080,annotation_ok,3,Standing,2026-03-19T16:26:07.598593
train_pen1_tur_cam2_20250122_091538_0001,pen1_tur_cam2_20250122_091538.jpg,4,0,Sternal_lying,Lateral_lying_left,3,"[467.0,394.0,424.0,233.0]",1280,720,annotation_ok,4,Sternal_lying,2026-03-19T16:26:12.632313
train_pen1_tur_cam2_20250122_094109_0004,pen1_tur_cam2_20250122_094109.jpg,3,4,Standing,Sternal_lying,3,"[46.5,419.0,155.0,118.0]",1280,720,annotation_ok,3,Standing,2026-03-19T16:26:23.483422
train_pen1_tur_cam2_20250122_103610_0004,pen1_tur_cam2_20250122_103610.jpg,4,0,Sternal_lying,Lateral_lying_left,3,"[417.0,570.5,351.0,138.0]",1280,720,annotation_ok,4,Sternal_lying,2026-03-19T16:26:29.933688
train_pen1_tur_cam2_20250122_115021_0001,pen1_tur_cam2_20250122_115021.jpg,2,4,Sitting,Sternal_lying,3,"[212.0,251.0,250.0,211.0]",1280,720,annotation_ok,2,Sitting,2026-03-19T16:26:34.808456
train_pen1_tur_cam2_20250122_131557_0003,pen1_tur_cam2_20250122_131557.jpg,2,4,Sitting,Sternal_lying,3,"[212.5,409.0,268.0,241.0]",1280,720,annotation_ok,2,Sitting,2026-03-19T16:26:40.425363
train_pen1_tur_cam2_20250122_133058_0004,pen1_tur_cam2_20250122_133058.jpg,4,0,Sternal_lying,Lateral_lying_left,3,"[392.5,524.0,372.0,180.0]",1280,720,annotation_ok,4,Sternal_lying,2026-03-19T16:26:45.484973
train_pen1_tur_cam2_20250122_142923_0004,pen1_tur_cam2_20250122_142923.jpg,4,0,Sternal_lying,Lateral_lying_left,3,"[433.5,421.0,412.0,194.0]",1280,720,annotation_ok,4,Sternal_lying,2026-03-19T16:26:50.024190
train_pen1_tur_cam2_20250125_061635_0001,pen1_tur_cam2_20250125_061635.jpg,4,3,Sternal_lying,Standing,3,"[224.0,307.5,284.0,254.0]",1280,720,annotation_ok,4,Sternal_lying,2026-03-19T16:26:55.808310
train_pen1_tur_cam2_20250125_074049_0003,pen1_tur_cam2_20250125_074049.jpg,4,1,Sternal_lying,Lateral_lying_right,3,"[439.5,46.0,356.0,174.0]",1280,720,annotation_ok,4,Sternal_lying,2026-03-19T16:26:59.987195
train_pen1_tur_cam2_20250125_080959_0001,pen1_tur_cam2_20250125_080959.jpg,2,4,Sitting,Sternal_lying,3,"[451.0,123.5,401.0,145.0]",1280,720,annotation_ok,2,Sitting,2026-03-19T16:27:04.620560
train_pen1_tur_cam2_20250125_085310_0006,pen1_tur_cam2_20250125_085310.jpg,4,1,Sternal_lying,Lateral_lying_right,3,"[84.0,177.5,123.0,99.0]",1280,720,annotation_ok,4,Sternal_lying,2026-03-19T16:27:14.640517
train_pen1_tur_cam2_20250125_090650_0007,pen1_tur_cam2_20250125_090650.jpg,4,1,Sternal_lying,Lateral_lying_right,3,"[450.5,36.0,319.0,138.0]",1280,720,annotation_ok,4,Sternal_lying,2026-03-19T16:27:19.383512
train_pen1_tur_cam2_20250125_092151_0006,pen1_tur_cam2_20250125_092151.jpg,1,4,Lateral_lying_right,Sternal_lying,3,"[449.0,37.0,325.0,137.0]",1280,720,pred_correct,4,Sternal_lying,2026-03-19T16:27:27.200735
train_pen1_tur_cam2_20250125_094653_0001,pen1_tur_cam2_20250125_094653.jpg,1,4,Lateral_lying_right,Sternal_lying,3,"[459.0,257.5,360.0,281.0]",1280,720,pred_correct,4,Sternal_lying,2026-03-19T16:28:12.449373
train_pen1_tur_cam2_20250125_104337_0004,pen1_tur_cam2_20250125_104337.jpg,4,1,Sternal_lying,Lateral_lying_right,3,"[452.8,42.3,329.3,162.0]",1280,720,annotation_ok,4,Sternal_lying,2026-03-19T16:28:17.371522
train_pen1_tur_cam2_20250125_105658_0000,pen1_tur_cam2_20250125_105658.jpg,1,4,Lateral_lying_right,Sternal_lying,3,"[666.5,268.0,280.0,427.0]",1280,720,pred_correct,4,Sternal_lying,2026-03-19T16:28:23.740870
train_pen1_tur_cam2_20250125_105658_0002,pen1_tur_cam2_20250125_105658.jpg,1,4,Lateral_lying_right,Sternal_lying,3,"[557.5,222.6,221.0,415.0]",1280,720,pred_correct,4,Sternal_lying,2026-03-19T16:28:43.691951
train_pen1_tur_cam2_20250125_105658_0003,pen1_tur_cam2_20250125_105658.jpg,0,2,Lateral_lying_left,Sitting,3,"[380.0,443.0,305.0,263.0]",1280,720,annotation_ok,0,Lateral_lying_left,2026-03-19T16:28:49.512025
train_pen1_tur_cam2_20250125_105838_0000,pen1_tur_cam2_20250125_105838.jpg,1,4,Lateral_lying_right,Sternal_lying,3,"[668.5,260.0,278.0,435.0]",1280,720,pred_correct,4,Sternal_lying,2026-03-19T16:28:54.862675
train_pen1_tur_cam2_20250125_105838_0002,pen1_tur_cam2_20250125_105838.jpg,1,4,Lateral_lying_right,Sternal_lying,3,"[553.5,218.5,226.0,416.0]",1280,720,pred_correct,4,Sternal_lying,2026-03-19T16:29:01.296768
train_pen1_tur_cam2_20250125_105838_0003,pen1_tur_cam2_20250125_105838.jpg,0,2,Lateral_lying_left,Sitting,3,"[381.0,443.5,303.0,265.0]",1280,720,annotation_ok,0,Lateral_lying_left,2026-03-19T16:29:05.821211
train_pen1_tur_cam2_20250125_112840_0005,pen1_tur_cam2_20250125_112840.jpg,3,4,Standing,Sternal_lying,3,"[451.5,140.5,423.0,147.0]",1280,720,annotation_ok,3,Standing,2026-03-19T16:29:10.235624
train_pen1_tur_cam2_20250125_114343_0005,pen1_tur_cam2_20250125_114343.jpg,1,4,Lateral_lying_right,Sternal_lying,3,"[447.5,39.1,328.0,136.0]",1280,720,annotation_ok,1,Lateral_lying_right,2026-03-19T16:29:56.140590
train_pen1_tur_cam2_20250125_124544_0002,pen1_tur_cam2_20250125_124544.jpg,4,3,Sternal_lying,Standing,3,"[358.5,393.5,300.0,253.0]",1280,720,annotation_ok,4,Sternal_lying,2026-03-19T16:30:03.383984
train_pen1_tur_cam2_20250125_130114_0003,pen1_tur_cam2_20250125_130114.jpg,4,1,Sternal_lying,Lateral_lying_right,3,"[458.5,41.5,317.0,136.0]",1280,720,annotation_ok,4,Sternal_lying,2026-03-19T16:30:07.866585
train_pen1_tur_cam2_20250125_134235_0004,pen1_tur_cam2_20250125_134235.jpg,4,3,Sternal_lying,Standing,3,"[174.0,343.5,109.0,299.0]",1280,720,annotation_ok,4,Sternal_lying,2026-03-19T16:30:15.631489
train_pen1_tur_cam2_20250125_134555_0006,pen1_tur_cam2_20250125_134555.jpg,0,4,Lateral_lying_left,Sternal_lying,3,"[79.5,505.5,125.8,109.0]",1280,720,annotation_ok,0,Lateral_lying_left,2026-03-19T12:50:10.470225
train_pen1_tur_cam2_20250125_141337_0005,pen1_tur_cam2_20250125_141337.jpg,0,4,Lateral_lying_left,Sternal_lying,3,"[258.5,535.5,300.0,144.0]",1280,720,annotation_ok,0,Lateral_lying_left,2026-03-19T12:50:15.821523
train_pen1_tur_cam2_20250125_143717_0006,pen1_tur_cam2_20250125_143717.jpg,4,3,Sternal_lying,Standing,3,"[128.0,537.5,229.0,105.0]",1280,720,annotation_ok,4,Sternal_lying,2026-03-19T12:50:23.259066
train_pen1_tur_cam2_20250125_144718_0002,pen1_tur_cam2_20250125_144718.jpg,4,0,Sternal_lying,Lateral_lying_left,3,"[511.0,549.5,440.0,159.0]",1280,720,annotation_ok,4,Sternal_lying,2026-03-19T12:50:29.937068
train_pen1_tur_cam2_20250126_071024_0002,pen1_tur_cam2_20250126_071024.jpg,4,1,Sternal_lying,Lateral_lying_right,3,"[428.5,419.5,417.0,184.0]",1280,720,annotation_ok,4,Sternal_lying,2026-03-19T12:50:36.952921
train_pen1_tur_cam2_20250126_072525_0007,pen1_tur_cam2_20250126_072525.jpg,1,4,Lateral_lying_right,Sternal_lying,3,"[93.0,178.4,103.6,93.6]",1280,720,annotation_ok,1,Lateral_lying_right,2026-03-19T12:50:42.607684
train_pen1_tur_cam2_20250126_092924_0006,pen1_tur_cam2_20250126_092924.jpg,4,0,Sternal_lying,Lateral_lying_left,3,"[794.5,172.5,206.0,381.0]",1280,720,annotation_ok,4,Sternal_lying,2026-03-19T12:50:50.704121
train_pen1_tur_cam2_20250126_094454_0001,pen1_tur_cam2_20250126_094454.jpg,1,4,Lateral_lying_right,Sternal_lying,3,"[168.5,344.0,230.0,216.0]",1280,720,pred_correct,4,Sternal_lying,2026-03-19T12:51:01.227836
train_pen1_tur_cam2_20250126_112306_0002,pen1_tur_cam2_20250126_112306.jpg,4,2,Sternal_lying,Sitting,3,"[185.5,410.0,226.0,236.0]",1280,720,pred_correct,2,Sitting,2026-03-19T12:51:08.115582
train_pen1_tur_cam2_20250126_123909_0004,pen1_tur_cam2_20250126_123909.jpg,4,1,Sternal_lying,Lateral_lying_right,3,"[452.5,45.0,304.0,158.0]",1280,720,annotation_ok,4,Sternal_lying,2026-03-19T12:51:13.231216
train_pen1_tur_cam2_20250126_143419_0002,pen1_tur_cam2_20250126_143419.jpg,4,0,Sternal_lying,Lateral_lying_left,3,"[375.5,460.0,435.0,155.0]",1280,720,annotation_ok,4,Sternal_lying,2026-03-19T12:51:16.949893
train_pen1_tur_cam2_20250126_143419_0006,pen1_tur_cam2_20250126_143419.jpg,4,0,Sternal_lying,Lateral_lying_left,3,"[182.5,421.5,273.0,154.0]",1280,720,annotation_ok,4,Sternal_lying,2026-03-19T12:51:25.484014
train_pen1_tur_cam2_20250127_103502_0007,pen1_tur_cam2_20250127_103502.jpg,4,3,Sternal_lying,Standing,3,"[129.0,130.0,138.0,106.0]",1280,720,pred_correct,3,Standing,2026-03-19T12:51:30.958382
train_pen1_tur_cam2_20250127_104002_0003,pen1_tur_cam2_20250127_104002.jpg,4,0,Sternal_lying,Lateral_lying_left,3,"[166.0,403.0,181.0,244.0]",1280,720,annotation_ok,4,Sternal_lying,2026-03-19T12:51:36.370782
train_pen1_tur_cam2_20250127_104002_0007,pen1_tur_cam2_20250127_104002.jpg,3,4,Standing,Sternal_lying,3,"[147.5,140.0,133.0,103.0]",1280,720,annotation_ok,3,Standing,2026-03-19T12:51:42.199796
train_pen1_tur_cam2_20250127_110504_0003,pen1_tur_cam2_20250127_110504.jpg,4,0,Sternal_lying,Lateral_lying_left,3,"[335.0,199.0,363.0,170.0]",1280,720,annotation_ok,4,Sternal_lying,2026-03-19T12:51:46.640903
train_pen1_tur_cam2_20250127_113006_0001,pen1_tur_cam2_20250127_113006.jpg,4,0,Sternal_lying,Lateral_lying_left,3,"[179.5,343.0,205.0,265.0]",1280,720,annotation_ok,4,Sternal_lying,2026-03-19T12:51:54.400272
train_pen1_tur_cam2_20250127_113006_0007,pen1_tur_cam2_20250127_113006.jpg,4,0,Sternal_lying,Lateral_lying_left,3,"[137.0,139.0,157.0,141.0]",1280,720,annotation_ok,4,Sternal_lying,2026-03-19T12:51:59.778391
train_pen1_tur_cam2_20250127_125422_0001,pen1_tur_cam2_20250127_125422.jpg,4,0,Sternal_lying,Lateral_lying_left,3,"[186.5,416.5,317.0,154.0]",1280,720,annotation_ok,4,Sternal_lying,2026-03-19T12:52:03.719732
train_pen1_tur_cam2_20250127_125422_0003,pen1_tur_cam2_20250127_125422.jpg,4,0,Sternal_lying,Lateral_lying_left,3,"[451.5,553.5,488.0,158.0]",1280,720,annotation_ok,4,Sternal_lying,2026-03-19T12:52:30.775848
train_pen1_tur_cam2_20250127_134753_0004,pen1_tur_cam2_20250127_134753.jpg,1,4,Lateral_lying_right,Sternal_lying,3,"[219.6,461.0,316.0,122.0]",1280,720,pred_correct,4,Sternal_lying,2026-03-19T12:52:36.357418
train_pen1_tur_cam2_20250127_141853_0007,pen1_tur_cam2_20250127_141853.jpg,1,4,Lateral_lying_right,Sternal_lying,3,"[231.5,425.5,288.0,165.0]",1280,720,pred_correct,4,Sternal_lying,2026-03-19T12:52:40.648881
train_pen1_tur_cam2_20250127_143933_0005,pen1_tur_cam2_20250127_143933.jpg,3,4,Standing,Sternal_lying,3,"[223.5,139.0,199.0,147.0]",1280,720,pred_correct,4,Sternal_lying,2026-03-19T12:52:47.967459
train_pen1_tur_cam2_20250127_143933_0006,pen1_tur_cam2_20250127_143933.jpg,3,4,Standing,Sternal_lying,3,"[134.0,137.5,143.0,150.0]",1280,720,pred_correct,4,Sternal_lying,2026-03-19T12:52:53.973065
train_pen1_tur_cam2_20250127_144443_0004,pen1_tur_cam2_20250127_144443.jpg,3,4,Standing,Sternal_lying,3,"[8.5,391.5,78.0,141.0]",1280,720,annotation_ok,3,Standing,2026-03-19T12:53:06.864316
train_pen1_tur_cam2_20250127_155848_0004,pen1_tur_cam2_20250127_155848.jpg,0,4,Lateral_lying_left,Sternal_lying,3,"[302.0,293.1,275.0,191.0]",1280,720,pred_correct,4,Sternal_lying,2026-03-19T12:53:20.175788
train_pen1_tur_cam2_20250127_165852_0006,pen1_tur_cam2_20250127_165852.jpg,4,1,Sternal_lying,Lateral_lying_right,3,"[834.0,210.7,174.0,402.2]",1280,720,annotation_ok,4,Sternal_lying,2026-03-19T12:53:28.052046
train_pen1_tur_cam2_20250127_171033_0007,pen1_tur_cam2_20250127_171033.jpg,4,1,Sternal_lying,Lateral_lying_right,3,"[825.0,235.0,167.0,383.0]",1280,720,annotation_ok,4,Sternal_lying,2026-03-19T12:53:54.138865
train_pen1_tur_cam2_20250201_093031_0005,pen1_tur_cam2_20250201_093031.jpg,1,4,Lateral_lying_right,Sternal_lying,3,"[688.5,64.5,490.0,212.0]",1920,1080,pred_correct,4,Sternal_lying,2026-03-19T12:53:58.213767
train_pen1_tur_cam2_20250201_142146_0003,pen1_tur_cam2_20250201_142146.jpg,4,0,Sternal_lying,Lateral_lying_left,3,"[1235.5,282.0,276.0,730.0]",1920,1080,annotation_ok,4,Sternal_lying,2026-03-19T12:54:04.666792
train_pen1_tur_cam2_20250201_143716_0003,pen1_tur_cam2_20250201_143716.jpg,1,4,Lateral_lying_right,Sternal_lying,3,"[632.0,850.0,713.0,220.0]",1920,1080,pred_correct,4,Sternal_lying,2026-03-19T12:54:08.740491
train_pen1_tur_cam2_20250201_145057_0000,pen1_tur_cam2_20250201_145057.jpg,1,4,Lateral_lying_right,Sternal_lying,3,"[675.5,391.5,682.0,303.0]",1920,1080,pred_correct,4,Sternal_lying,2026-03-19T12:54:12.899587
train_pen1_tur_cam2_20250202_153944_0000,pen1_tur_cam2_20250202_153944.jpg,1,0,Lateral_lying_right,Lateral_lying_left,3,"[836.0,342.0,319.0,563.0]",1920,1080,manual,4,Sternal_lying,2026-03-19T12:54:46.402590
train_pen1_tur_cam2_20250202_153944_0006,pen1_tur_cam2_20250202_153944.jpg,4,0,Sternal_lying,Lateral_lying_left,3,"[1283.5,239.5,224.0,565.0]",1920,1080,annotation_ok,4,Sternal_lying,2026-03-19T12:54:52.421718
train_pen1_tur_cam2_20250203_111552_0000,pen1_tur_cam2_20250203_111552.jpg,2,4,Sitting,Sternal_lying,3,"[519.0,579.0,433.0,499.0]",1920,1080,annotation_ok,2,Sitting,2026-03-19T12:54:57.777874
train_pen1_tur_cam2_20250203_111552_0004,pen1_tur_cam2_20250203_111552.jpg,3,2,Standing,Sitting,3,"[255.0,549.5,256.0,398.0]",1920,1080,pred_correct,2,Sitting,2026-03-19T12:55:06.738741
train_pen1_tur_cam2_20250203_111552_0009,pen1_tur_cam2_20250203_111552.jpg,4,3,Sternal_lying,Standing,3,"[95.0,790.0,276.0,170.0]",1920,1080,pred_correct,3,Standing,2026-03-19T12:55:11.461851
train_pen1_tur_cam2_20250203_112052_0003,pen1_tur_cam2_20250203_112052.jpg,0,2,Lateral_lying_left,Sitting,3,"[503.0,691.5,414.0,337.0]",1920,1080,manual,4,Sternal_lying,2026-03-19T12:58:06.251082
train_pen1_tur_cam2_20250203_112052_0004,pen1_tur_cam2_20250203_112052.jpg,1,4,Lateral_lying_right,Sternal_lying,3,"[1263.0,437.5,234.0,607.0]",1920,1080,annotation_ok,1,Lateral_lying_right,2026-03-19T12:59:15.842342
train_pen1_tur_cam2_20250203_113413_0001,pen1_tur_cam2_20250203_113413.jpg,4,0,Sternal_lying,Lateral_lying_left,3,"[501.0,698.5,487.0,298.0]",1920,1080,annotation_ok,4,Sternal_lying,2026-03-19T17:48:40.008050
train_pen1_tur_cam2_20250203_114414_0005,pen1_tur_cam2_20250203_114414.jpg,4,0,Sternal_lying,Lateral_lying_left,3,"[932.0,413.0,276.0,589.0]",1920,1080,annotation_ok,4,Sternal_lying,2026-03-19T17:49:16.189016
train_pen1_tur_cam2_20250203_114414_0009,pen1_tur_cam2_20250203_114414.jpg,1,4,Lateral_lying_right,Sternal_lying,3,"[203.0,219.3,227.0,131.8]",1920,1080,annotation_ok,1,Lateral_lying_right,2026-03-19T17:49:23.457683
train_pen1_tur_cam2_20250207_121932_0009,pen1_tur_cam2_20250207_121932.jpg,4,0,Sternal_lying,Lateral_lying_left,3,"[85.5,225.5,70.0,168.0]",1280,720,annotation_ok,4,Sternal_lying,2026-03-19T17:49:39.549880
train_pen1_tur_cam2_20250207_123433_0002,pen1_tur_cam2_20250207_123433.jpg,1,0,Lateral_lying_right,Lateral_lying_left,3,"[219.5,311.0,299.0,248.0]",1280,720,annotation_ok,1,Lateral_lying_right,2026-03-19T17:49:57.346430
train_pen1_tur_cam2_20250207_123433_0009,pen1_tur_cam2_20250207_123433.jpg,0,4,Lateral_lying_left,Sternal_lying,3,"[150.5,154.5,114.0,101.0]",1280,720,annotation_ok,0,Lateral_lying_left,2026-03-19T17:50:07.293794
train_pen1_tur_cam2_20250207_135939_0007,pen1_tur_cam2_20250207_135939.jpg,1,4,Lateral_lying_right,Sternal_lying,3,"[460.5,42.0,292.0,128.0]",1280,720,pred_correct,4,Sternal_lying,2026-03-19T17:50:12.811183
train_pen1_tur_cam2_20250207_141439_0000,pen1_tur_cam2_20250207_141439.jpg,0,1,Lateral_lying_left,Lateral_lying_right,3,"[748.5,205.0,259.0,371.0]",1280,720,annotation_ok,0,Lateral_lying_left,2026-03-19T17:50:20.765369
train_pen1_tur_cam2_20250207_141439_0002,pen1_tur_cam2_20250207_141439.jpg,4,0,Sternal_lying,Lateral_lying_left,3,"[288.0,373.5,244.0,196.0]",1280,720,annotation_ok,4,Sternal_lying,2026-03-19T17:50:26.633117
train_pen1_tur_cam2_20250207_151303_0003,pen1_tur_cam2_20250207_151303.jpg,1,0,Lateral_lying_right,Lateral_lying_left,3,"[676.0,54.5,262.0,288.0]",1280,720,annotation_ok,1,Lateral_lying_right,2026-03-19T17:50:42.457278
train_pen1_tur_cam2_20250220_082026_0003,pen1_tur_cam2_20250220_082026.jpg,4,1,Sternal_lying,Lateral_lying_right,3,"[715.0,275.0,202.0,434.0]",1280,720,annotation_ok,4,Sternal_lying,2026-03-19T17:50:50.011650
train_pen1_tur_cam2_20250220_083347_0005,pen1_tur_cam2_20250220_083347.jpg,1,4,Lateral_lying_right,Sternal_lying,3,"[460.5,41.0,310.0,147.0]",1280,720,pred_correct,4,Sternal_lying,2026-03-19T17:50:55.647692
train_pen1_tur_cam2_20250220_102855_0004,pen1_tur_cam2_20250220_102855.jpg,0,4,Lateral_lying_left,Sternal_lying,3,"[733.5,178.5,153.0,409.0]",1280,720,pred_correct,4,Sternal_lying,2026-03-19T17:51:02.180971
train_pen1_tur_cam2_20250220_104036_0003,pen1_tur_cam2_20250220_104036.jpg,2,4,Sitting,Sternal_lying,3,"[668.9,1.6,211.0,317.0]",1280,720,annotation_ok,2,Sitting,2026-03-19T17:51:15.776609
train_pen2_orb_cam1_20250108_081044_0004,pen2_orb_cam1_20250108_081044.jpg,4,1,Sternal_lying,Lateral_lying_right,3,"[617.0,227.0,209.0,321.0]",1920,1080,annotation_ok,4,Sternal_lying,2026-03-19T17:51:22.192635
train_pen2_orb_cam1_20250108_081629_0002,pen2_orb_cam1_20250108_081629.jpg,3,4,Standing,Sternal_lying,3,"[948.0,651.0,454.0,427.0]",1920,1080,annotation_ok,3,Standing,2026-03-19T17:51:31.544519
train_pen2_orb_cam1_20250108_082015_0004,pen2_orb_cam1_20250108_082015.jpg,1,4,Lateral_lying_right,Sternal_lying,3,"[615.0,236.0,222.0,278.0]",1920,1080,pred_correct,4,Sternal_lying,2026-03-19T17:51:39.013637
train_pen2_orb_cam1_20250108_082021_0003,pen2_orb_cam1_20250108_082021.jpg,1,4,Lateral_lying_right,Sternal_lying,3,"[615.3,236.0,230.0,290.0]",1920,1080,pred_correct,4,Sternal_lying,2026-03-19T17:51:44.044556
train_pen2_orb_cam1_20250108_085029_0003,pen2_orb_cam1_20250108_085029.jpg,4,1,Sternal_lying,Lateral_lying_right,3,"[1107.0,651.0,316.0,428.0]",1920,1080,annotation_ok,4,Sternal_lying,2026-03-19T17:51:50.841325
train_pen2_orb_cam2_20250217_125800_0002,pen2_orb_cam2_20250217_125800.jpg,4,0,Sternal_lying,Lateral_lying_left,3,"[785.0,105.5,339.0,141.0]",1920,1080,annotation_ok,4,Sternal_lying,2026-03-19T17:51:58.069343
train_pen2_orb_cam2_20250217_125800_0006,pen2_orb_cam2_20250217_125800.jpg,1,4,Lateral_lying_right,Sternal_lying,3,"[678.5,254.5,191.0,286.0]",1920,1080,annotation_ok,1,Lateral_lying_right,2026-03-19T17:52:07.116756
train_pen2_orb_cam2_20250217_130242_0002,pen2_orb_cam2_20250217_130242.jpg,2,3,Sitting,Standing,3,"[295.0,718.5,377.0,358.0]",1920,1080,annotation_ok,2,Sitting,2026-03-19T17:52:15.676905
train_pen2_tur_cam1_20250109_070051_0008,pen2_tur_cam1_20250109_070051.jpg,2,4,Sitting,Sternal_lying,3,"[404.0,75.5,318.0,203.0]",1280,720,annotation_ok,2,Sitting,2026-03-19T17:52:20.748485
train_pen2_tur_cam1_20250109_070222_0007,pen2_tur_cam1_20250109_070222.jpg,2,3,Sitting,Standing,3,"[303.5,196.5,241.0,324.0]",1280,720,annotation_ok,2,Sitting,2026-03-19T17:52:38.266434
train_pen2_tur_cam1_20250109_070229_0005,pen2_tur_cam1_20250109_070229.jpg,2,3,Sitting,Standing,3,"[263.9,184.0,290.0,311.0]",1280,720,annotation_ok,2,Sitting,2026-03-19T17:52:44.321501
train_pen2_tur_cam1_20250109_070243_0003,pen2_tur_cam1_20250109_070243.jpg,2,3,Sitting,Standing,3,"[725.5,376.0,148.0,342.0]",1280,720,pred_correct,3,Standing,2026-03-19T17:52:50.131910
train_pen2_tur_cam1_20250109_071121_0006,pen2_tur_cam1_20250109_071121.jpg,0,4,Lateral_lying_left,Sternal_lying,3,"[529.0,583.0,347.0,130.0]",1280,720,annotation_ok,0,Lateral_lying_left,2026-03-19T17:52:57.461125
train_pen2_tur_cam1_20250109_071203_0006,pen2_tur_cam1_20250109_071203.jpg,2,3,Sitting,Standing,3,"[952.0,39.5,154.0,383.0]",1280,720,pred_correct,3,Standing,2026-03-19T17:53:10.924407
train_pen2_tur_cam1_20250109_071210_0007,pen2_tur_cam1_20250109_071210.jpg,4,2,Sternal_lying,Sitting,3,"[538.5,532.0,326.0,188.0]",1280,720,manual,3,Standing,2026-03-19T17:53:37.172916
train_pen2_tur_cam1_20250109_071231_0004,pen2_tur_cam1_20250109_071231.jpg,3,1,Standing,Lateral_lying_right,3,"[525.5,349.5,181.0,370.0]",1280,720,annotation_ok,3,Standing,2026-03-19T17:53:43.902825
train_pen2_tur_cam1_20250109_072610_0002,pen2_tur_cam1_20250109_072610.jpg,2,4,Sitting,Sternal_lying,3,"[602.0,206.0,335.0,227.0]",1280,720,annotation_ok,2,Sitting,2026-03-19T17:53:47.916063
train_pen2_tur_cam1_20250109_073057_0006,pen2_tur_cam1_20250109_073057.jpg,4,3,Sternal_lying,Standing,3,"[797.5,11.0,165.0,454.0]",1280,720,pred_correct,3,Standing,2026-03-19T17:53:52.112502
train_pen2_tur_cam1_20250109_073104_0003,pen2_tur_cam1_20250109_073104.jpg,4,3,Sternal_lying,Standing,3,"[815.0,34.5,169.0,466.0]",1280,720,pred_correct,3,Standing,2026-03-19T17:54:01.643864
train_pen2_tur_cam1_20250109_074436_0007,pen2_tur_cam1_20250109_074436.jpg,3,4,Standing,Sternal_lying,3,"[260.0,36.5,313.0,142.0]",1280,720,annotation_ok,3,Standing,2026-03-19T17:54:08.083832
train_pen2_tur_cam1_20250109_075300_0003,pen2_tur_cam1_20250109_075300.jpg,2,4,Sitting,Sternal_lying,3,"[292.4,67.6,255.0,178.0]",1280,720,annotation_ok,2,Sitting,2026-03-19T17:54:12.080598
train_pen2_tur_cam1_20250109_075431_0008,pen2_tur_cam1_20250109_075431.jpg,1,4,Lateral_lying_right,Sternal_lying,3,"[202.5,426.5,167.0,145.0]",1280,720,annotation_ok,1,Lateral_lying_right,2026-03-19T17:54:21.048071
train_pen2_tur_cam1_20250109_075705_0003,pen2_tur_cam1_20250109_075705.jpg,2,4,Sitting,Sternal_lying,3,"[120.5,88.5,213.0,121.0]",1280,720,pred_correct,4,Sternal_lying,2026-03-19T17:54:29.677367
train_pen2_tur_cam1_20250109_080426_0007,pen2_tur_cam1_20250109_080426.jpg,0,4,Lateral_lying_left,Sternal_lying,3,"[143.0,346.0,136.0,127.0]",1280,720,pred_correct,4,Sternal_lying,2026-03-19T17:54:34.222648
train_pen2_tur_cam1_20250109_080515_0004,pen2_tur_cam1_20250109_080515.jpg,4,3,Sternal_lying,Standing,3,"[920.0,21.5,179.0,497.0]",1280,720,annotation_ok,4,Sternal_lying,2026-03-19T17:54:39.455440
train_pen2_tur_cam1_20250109_080536_0007,pen2_tur_cam1_20250109_080536.jpg,4,0,Sternal_lying,Lateral_lying_left,3,"[138.0,345.0,130.0,130.0]",1280,720,annotation_ok,4,Sternal_lying,2026-03-19T17:54:44.214338
train_pen2_tur_cam1_20250109_080646_0000,pen2_tur_cam1_20250109_080646.jpg,4,1,Sternal_lying,Lateral_lying_right,3,"[640.5,271.0,264.0,367.0]",1280,720,annotation_ok,4,Sternal_lying,2026-03-19T17:54:48.837502
train_pen2_tur_cam1_20250109_080728_0000,pen2_tur_cam1_20250109_080728.jpg,2,4,Sitting,Sternal_lying,3,"[526.0,553.5,386.0,159.0]",1280,720,annotation_ok,2,Sitting,2026-03-19T17:54:52.368901
train_pen2_tur_cam1_20250120_071427_0003,pen2_tur_cam1_20250120_071427.jpg,4,1,Sternal_lying,Lateral_lying_right,3,"[842.5,290.5,749.0,388.0]",2688,1520,annotation_ok,4,Sternal_lying,2026-03-19T17:54:59.172783
train_pen2_tur_cam1_20250120_073249_0005,pen2_tur_cam1_20250120_073249.jpg,4,1,Sternal_lying,Lateral_lying_right,3,"[1550.0,50.0,711.0,805.0]",2688,1520,annotation_ok,4,Sternal_lying,2026-03-19T17:55:03.833567
train_pen2_tur_cam1_20250120_074429_0004,pen2_tur_cam1_20250120_074429.jpg,1,4,Lateral_lying_right,Sternal_lying,3,"[1958.0,150.0,352.0,1021.0]",2688,1520,annotation_ok,1,Lateral_lying_right,2026-03-19T17:55:08.378371
train_pen2_tur_cam1_20250120_075250_0002,pen2_tur_cam1_20250120_075250.jpg,4,1,Sternal_lying,Lateral_lying_right,3,"[1662.0,49.0,406.0,941.0]",2688,1520,annotation_ok,4,Sternal_lying,2026-03-19T17:55:14.286573
train_pen2_tur_cam1_20250120_081432_0006,pen2_tur_cam1_20250120_081432.jpg,2,3,Sitting,Standing,3,"[242.0,268.3,475.7,324.7]",2688,1520,annotation_ok,2,Sitting,2026-03-19T17:55:18.274482
train_pen2_tur_cam1_20250120_083753_0005,pen2_tur_cam1_20250120_083753.jpg,4,1,Sternal_lying,Lateral_lying_right,3,"[2042.5,131.5,272.0,898.0]",2688,1520,annotation_ok,4,Sternal_lying,2026-03-19T17:55:22.955762
train_pen2_tur_cam1_20250120_083753_0007,pen2_tur_cam1_20250120_083753.jpg,4,0,Sternal_lying,Lateral_lying_left,3,"[328.5,587.5,164.0,380.0]",2688,1520,annotation_ok,4,Sternal_lying,2026-03-19T17:55:28.866025
train_pen2_tur_cam1_20250120_083933_0003,pen2_tur_cam1_20250120_083933.jpg,0,4,Lateral_lying_left,Sternal_lying,3,"[376.0,164.5,356.0,424.0]",2688,1520,pred_correct,4,Sternal_lying,2026-03-19T17:55:35.680547
train_pen2_tur_cam1_20250120_083933_0006,pen2_tur_cam1_20250120_083933.jpg,1,4,Lateral_lying_right,Sternal_lying,3,"[683.5,105.5,627.0,401.0]",2688,1520,pred_correct,4,Sternal_lying,2026-03-19T17:55:41.224570
train_pen2_tur_cam1_20250120_083933_0007,pen2_tur_cam1_20250120_083933.jpg,4,1,Sternal_lying,Lateral_lying_right,3,"[2044.0,133.0,270.0,913.0]",2688,1520,annotation_ok,4,Sternal_lying,2026-03-19T17:55:48.062490
train_pen2_tur_cam1_20250120_092756_0007,pen2_tur_cam1_20250120_092756.jpg,4,3,Sternal_lying,Standing,3,"[1061.3,1264.7,693.0,255.0]",2688,1520,pred_correct,3,Standing,2026-03-19T17:55:55.968183
train_pen2_tur_cam1_20250120_092756_0008,pen2_tur_cam1_20250120_092756.jpg,4,0,Sternal_lying,Lateral_lying_left,3,"[1304.5,870.5,775.0,649.0]",2688,1520,manual,3,Standing,2026-03-19T17:56:09.498921
train_pen2_tur_cam1_20250120_093256_0002,pen2_tur_cam1_20250120_093256.jpg,4,0,Sternal_lying,Lateral_lying_left,3,"[1372.0,313.5,466.0,860.0]",2688,1520,annotation_ok,4,Sternal_lying,2026-03-19T17:56:17.075478
train_pen2_tur_cam1_20250120_112944_0002,pen2_tur_cam1_20250120_112944.jpg,4,3,Sternal_lying,Standing,3,"[674.5,167.0,711.0,557.0]",2688,1520,manual,2,Sitting,2026-03-19T17:56:27.196979
train_pen2_tur_cam1_20250120_112944_0005,pen2_tur_cam1_20250120_112944.jpg,1,4,Lateral_lying_right,Sternal_lying,3,"[274.0,545.7,158.3,482.3]",2688,1520,annotation_ok,1,Lateral_lying_right,2026-03-19T17:56:32.898557
train_pen2_tur_cam1_20250120_112944_0006,pen2_tur_cam1_20250120_112944.jpg,4,3,Sternal_lying,Standing,3,"[357.0,291.5,188.0,511.0]",2688,1520,annotation_ok,4,Sternal_lying,2026-03-19T17:56:46.961055
train_pen2_tur_cam1_20250120_115306_0006,pen2_tur_cam1_20250120_115306.jpg,4,0,Sternal_lying,Lateral_lying_left,3,"[280.0,566.5,496.0,550.0]",2688,1520,pred_correct,0,Lateral_lying_left,2026-03-19T17:57:02.631422
train_pen2_tur_cam1_20250120_120306_0003,pen2_tur_cam1_20250120_120306.jpg,4,0,Sternal_lying,Lateral_lying_left,3,"[1127.0,1132.0,703.0,367.0]",2688,1520,annotation_ok,4,Sternal_lying,2026-03-19T17:57:07.549689
train_pen2_tur_cam1_20250120_120447_0000,pen2_tur_cam1_20250120_120447.jpg,4,0,Sternal_lying,Lateral_lying_left,3,"[1252.0,954.0,801.0,376.0]",2688,1520,annotation_ok,4,Sternal_lying,2026-03-19T17:57:11.963119
train_pen2_tur_cam1_20250120_135705_0005,pen2_tur_cam1_20250120_135705.jpg,4,0,Sternal_lying,Lateral_lying_left,3,"[662.0,57.5,688.0,409.0]",2688,1520,annotation_ok,4,Sternal_lying,2026-03-19T17:57:17.974889
train_pen2_tur_cam1_20250120_135705_0008,pen2_tur_cam1_20250120_135705.jpg,2,4,Sitting,Sternal_lying,3,"[410.5,920.0,333.0,271.0]",2688,1520,annotation_ok,2,Sitting,2026-03-19T17:57:22.388510
train_pen2_tur_cam1_20250120_140344_0001,pen2_tur_cam1_20250120_140344.jpg,2,4,Sitting,Sternal_lying,3,"[676.5,61.0,722.0,402.0]",2688,1520,annotation_ok,2,Sitting,2026-03-19T17:57:27.283996
train_pen2_tur_cam1_20250120_141718_0005,pen2_tur_cam1_20250120_141718.jpg,0,3,Lateral_lying_left,Standing,3,"[524.5,748.5,600.0,518.0]",2688,1520,pred_correct,3,Standing,2026-03-19T17:57:33.813321
train_pen2_tur_cam1_20250120_145217_0007,pen2_tur_cam1_20250120_145217.jpg,2,4,Sitting,Sternal_lying,3,"[1914.5,657.0,349.7,863.0]",2688,1520,annotation_ok,2,Sitting,2026-03-19T17:57:39.729869
train_pen2_tur_cam1_20250123_101001_0002,pen2_tur_cam1_20250123_101001.jpg,4,2,Sternal_lying,Sitting,3,"[874.3,328.2,204.0,390.0]",1280,720,pred_correct,2,Sitting,2026-03-19T17:57:45.012475
train_pen2_tur_cam1_20250123_101001_0007,pen2_tur_cam1_20250123_101001.jpg,0,4,Lateral_lying_left,Sternal_lying,3,"[236.0,77.5,257.0,141.0]",1280,720,pred_correct,4,Sternal_lying,2026-03-19T17:57:49.953044
train_pen2_tur_cam1_20250123_101001_0008,pen2_tur_cam1_20250123_101001.jpg,4,0,Sternal_lying,Lateral_lying_left,3,"[133.0,132.5,85.0,243.0]",1280,720,annotation_ok,4,Sternal_lying,2026-03-19T17:57:56.424601
train_pen2_tur_cam1_20250123_102503_0005,pen2_tur_cam1_20250123_102503.jpg,4,2,Sternal_lying,Sitting,3,"[289.3,78.5,171.0,293.0]",1280,720,annotation_ok,4,Sternal_lying,2026-03-19T17:58:11.334827
train_pen2_tur_cam1_20250123_105505_0003,pen2_tur_cam1_20250123_105505.jpg,0,4,Lateral_lying_left,Sternal_lying,3,"[768.0,287.0,253.0,409.0]",1280,720,pred_correct,4,Sternal_lying,2026-03-19T17:58:17.300913
train_pen2_tur_cam1_20250123_105505_0008,pen2_tur_cam1_20250123_105505.jpg,3,4,Standing,Sternal_lying,3,"[124.0,385.3,153.0,102.3]",1280,720,annotation_ok,3,Standing,2026-03-19T17:58:22.547151
train_pen2_tur_cam1_20250123_112327_0003,pen2_tur_cam1_20250123_112327.jpg,4,1,Sternal_lying,Lateral_lying_right,3,"[196.5,166.5,200.0,289.0]",1280,720,annotation_ok,4,Sternal_lying,2026-03-19T17:58:28.697431
train_pen2_tur_cam1_20250123_114509_0004,pen2_tur_cam1_20250123_114509.jpg,0,4,Lateral_lying_left,Sternal_lying,3,"[555.0,583.0,389.0,135.0]",1280,720,pred_correct,4,Sternal_lying,2026-03-19T17:58:34.513655
train_pen2_tur_cam1_20250123_134227_0004,pen2_tur_cam1_20250123_134227.jpg,4,0,Sternal_lying,Lateral_lying_left,3,"[548.0,556.0,350.0,162.0]",1280,720,annotation_ok,4,Sternal_lying,2026-03-19T17:58:38.977587
train_pen2_tur_cam1_20250123_134737_0000,pen2_tur_cam1_20250123_134737.jpg,4,1,Sternal_lying,Lateral_lying_right,3,"[531.7,25.7,408.0,246.0]",1280,720,annotation_ok,4,Sternal_lying,2026-03-19T17:58:55.628902
train_pen2_tur_cam1_20250123_140307_0008,pen2_tur_cam1_20250123_140307.jpg,1,3,Lateral_lying_right,Standing,3,"[206.5,395.2,178.5,143.3]",1280,720,pred_correct,3,Standing,2026-03-19T17:59:08.951443
train_pen2_tur_cam1_20250123_141327_0006,pen2_tur_cam1_20250123_141327.jpg,4,0,Sternal_lying,Lateral_lying_left,3,"[546.5,546.5,343.0,168.0]",1280,720,annotation_ok,4,Sternal_lying,2026-03-19T17:59:19.670287
train_pen2_tur_cam1_20250123_151528_0000,pen2_tur_cam1_20250123_151528.jpg,4,1,Sternal_lying,Lateral_lying_right,3,"[703.5,111.0,388.0,296.0]",1280,720,annotation_ok,4,Sternal_lying,2026-03-19T18:05:50.428985
train_pen2_tur_cam1_20250123_151528_0001,pen2_tur_cam1_20250123_151528.jpg,0,2,Lateral_lying_left,Sitting,3,"[479.5,280.5,418.0,276.0]",1280,720,annotation_ok,0,Lateral_lying_left,2026-03-19T18:06:03.996023
train_pen2_tur_cam1_20250123_151528_0006,pen2_tur_cam1_20250123_151528.jpg,1,0,Lateral_lying_right,Lateral_lying_left,3,"[521.0,531.5,452.0,187.0]",1280,720,manual,4,Sternal_lying,2026-03-19T18:06:21.216029
train_pen2_tur_cam1_20250124_085955_0006,pen2_tur_cam1_20250124_085955.jpg,4,0,Sternal_lying,Lateral_lying_left,3,"[531.0,579.0,376.0,137.0]",1280,720,annotation_ok,4,Sternal_lying,2026-03-19T18:06:28.098943
train_pen2_tur_cam1_20250124_092457_0008,pen2_tur_cam1_20250124_092457.jpg,0,3,Lateral_lying_left,Standing,3,"[156.2,299.3,104.7,184.3]",1280,720,annotation_ok,0,Lateral_lying_left,2026-03-19T18:06:35.493426
train_pen2_tur_cam1_20250124_092957_0008,pen2_tur_cam1_20250124_092957.jpg,0,4,Lateral_lying_left,Sternal_lying,3,"[155.3,354.0,111.8,153.2]",1280,720,annotation_ok,0,Lateral_lying_left,2026-03-19T18:06:40.992070
train_pen2_tur_cam1_20250209_081653_0006,pen2_tur_cam1_20250209_081653.jpg,1,4,Lateral_lying_right,Sternal_lying,3,"[242.5,65.5,184.0,120.0]",1280,720,pred_correct,4,Sternal_lying,2026-03-19T18:06:45.943738
train_pen2_tur_cam1_20250209_084655_0007,pen2_tur_cam1_20250209_084655.jpg,3,2,Standing,Sitting,3,"[351.0,41.0,294.0,124.0]",1280,720,pred_correct,2,Sitting,2026-03-19T18:06:51.827204
train_pen2_tur_cam1_20250209_102021_0008,pen2_tur_cam1_20250209_102021.jpg,2,3,Sitting,Standing,3,"[200.0,367.0,93.0,175.0]",1280,720,manual,1,Lateral_lying_right,2026-03-19T18:07:12.773160
train_pen2_tur_cam1_20250209_103202_0006,pen2_tur_cam1_20250209_103202.jpg,4,0,Sternal_lying,Lateral_lying_left,3,"[534.5,540.0,305.0,162.0]",1280,720,annotation_ok,4,Sternal_lying,2026-03-19T18:07:18.074976
train_pen2_tur_cam1_20250209_104523_0003,pen2_tur_cam1_20250209_104523.jpg,2,4,Sitting,Sternal_lying,3,"[749.0,92.0,245.0,329.0]",1280,720,pred_correct,4,Sternal_lying,2026-03-19T18:07:24.372854
train_pen2_tur_cam1_20250209_104523_0006,pen2_tur_cam1_20250209_104523.jpg,1,0,Lateral_lying_right,Lateral_lying_left,3,"[308.5,111.5,161.0,232.0]",1280,720,annotation_ok,1,Lateral_lying_right,2026-03-19T18:07:38.309522
train_pen2_tur_cam1_20250209_105523_0007,pen2_tur_cam1_20250209_105523.jpg,1,4,Lateral_lying_right,Sternal_lying,3,"[372.5,33.0,311.0,131.0]",1280,720,pred_correct,4,Sternal_lying,2026-03-19T18:07:45.183940
train_pen2_tur_cam1_20250209_110704_0000,pen2_tur_cam1_20250209_110704.jpg,4,1,Sternal_lying,Lateral_lying_right,3,"[401.0,28.5,335.0,195.0]",1280,720,pred_correct,1,Lateral_lying_right,2026-03-19T18:07:51.349840
train_pen2_tur_cam1_20250209_110704_0002,pen2_tur_cam1_20250209_110704.jpg,4,1,Sternal_lying,Lateral_lying_right,3,"[733.0,189.5,179.0,368.0]",1280,720,annotation_ok,4,Sternal_lying,2026-03-19T18:07:57.013326
train_pen2_tur_cam1_20250209_110704_0005,pen2_tur_cam1_20250209_110704.jpg,4,0,Sternal_lying,Lateral_lying_left,3,"[829.0,94.5,217.0,394.0]",1280,720,pred_correct,0,Lateral_lying_left,2026-03-19T18:08:03.064055
train_pen2_tur_cam1_20250209_110704_0006,pen2_tur_cam1_20250209_110704.jpg,4,0,Sternal_lying,Lateral_lying_left,3,"[916.5,21.5,180.0,383.0]",1280,720,pred_correct,0,Lateral_lying_left,2026-03-19T18:08:11.433917
train_pen2_tur_cam1_20250209_111024_0002,pen2_tur_cam1_20250209_111024.jpg,4,1,Sternal_lying,Lateral_lying_right,3,"[402.5,30.0,332.0,190.0]",1280,720,pred_correct,1,Lateral_lying_right,2026-03-19T18:08:17.124185
train_pen2_tur_cam1_20250209_111024_0003,pen2_tur_cam1_20250209_111024.jpg,4,1,Sternal_lying,Lateral_lying_right,3,"[732.5,190.5,179.0,368.0]",1280,720,pred_correct,1,Lateral_lying_right,2026-03-19T18:08:29.421520
train_pen2_tur_cam1_20250209_111024_0004,pen2_tur_cam1_20250209_111024.jpg,4,0,Sternal_lying,Lateral_lying_left,3,"[825.5,98.5,220.0,389.0]",1280,720,annotation_ok,4,Sternal_lying,2026-03-19T18:08:38.926170
train_pen2_tur_cam1_20250209_111024_0006,pen2_tur_cam1_20250209_111024.jpg,4,0,Sternal_lying,Lateral_lying_left,3,"[915.5,35.5,181.0,369.0]",1280,720,annotation_ok,4,Sternal_lying,2026-03-19T18:08:44.347709
train_pen2_tur_cam1_20250209_113527_0007,pen2_tur_cam1_20250209_113527.jpg,0,4,Lateral_lying_left,Sternal_lying,3,"[182.5,384.5,112.0,145.0]",1280,720,pred_correct,4,Sternal_lying,2026-03-19T18:08:54.235272
train_pen2_tur_cam1_20250209_114708_0001,pen2_tur_cam1_20250209_114708.jpg,4,0,Sternal_lying,Lateral_lying_left,3,"[747.0,325.5,284.0,285.0]",1280,720,annotation_ok,4,Sternal_lying,2026-03-19T18:09:05.682618
train_pen2_tur_cam1_20250209_114708_0004,pen2_tur_cam1_20250209_114708.jpg,2,4,Sitting,Sternal_lying,3,"[655.0,22.0,387.0,173.0]",1280,720,annotation_ok,2,Sitting,2026-03-19T18:09:10.400578
train_pen2_tur_cam1_20250209_114708_0005,pen2_tur_cam1_20250209_114708.jpg,3,2,Standing,Sitting,3,"[384.0,64.5,189.0,314.0]",1280,720,pred_correct,2,Sitting,2026-03-19T18:09:17.687344
train_pen2_tur_cam1_20250209_120029_0007,pen2_tur_cam1_20250209_120029.jpg,4,0,Sternal_lying,Lateral_lying_left,3,"[234.0,456.3,102.8,91.0]",1280,720,annotation_ok,4,Sternal_lying,2026-03-19T18:09:25.895486
train_pen2_tur_cam1_20250209_123711_0001,pen2_tur_cam1_20250209_123711.jpg,4,1,Sternal_lying,Lateral_lying_right,3,"[565.5,33.0,382.0,187.0]",1280,720,annotation_ok,4,Sternal_lying,2026-03-19T18:09:33.251459
train_pen2_tur_cam1_20250209_125032_0004,pen2_tur_cam1_20250209_125032.jpg,4,1,Sternal_lying,Lateral_lying_right,3,"[921.0,227.5,175.0,380.0]",1280,720,annotation_ok,4,Sternal_lying,2026-03-19T18:09:39.287749
train_pen2_tur_cam1_20250209_125032_0005,pen2_tur_cam1_20250209_125032.jpg,0,4,Lateral_lying_left,Sternal_lying,3,"[561.0,590.0,302.0,127.0]",1280,720,pred_correct,4,Sternal_lying,2026-03-19T18:09:44.566233
train_pen2_tur_cam1_20250209_133216_0003,pen2_tur_cam1_20250209_133216.jpg,0,4,Lateral_lying_left,Sternal_lying,3,"[823.0,205.0,171.0,362.0]",1280,720,annotation_ok,0,Lateral_lying_left,2026-03-19T18:09:51.273105
train_pen2_tur_cam1_20250209_135037_0007,pen2_tur_cam1_20250209_135037.jpg,4,1,Sternal_lying,Lateral_lying_right,3,"[864.5,256.5,190.0,339.0]",1280,720,annotation_ok,4,Sternal_lying,2026-03-19T18:09:56.771393
train_pen2_tur_cam1_20250209_141539_0001,pen2_tur_cam1_20250209_141539.jpg,4,0,Sternal_lying,Lateral_lying_left,3,"[643.0,351.5,348.0,205.0]",1280,720,annotation_ok,4,Sternal_lying,2026-03-19T18:10:01.163889
train_pen2_tur_cam2_20250120_070427_0006,pen2_tur_cam2_20250120_070427.jpg,3,0,Standing,Lateral_lying_left,3,"[2060.5,291.9,260.3,566.3]",2688,1520,annotation_ok,3,Standing,2026-03-19T18:10:11.740819
train_pen2_tur_cam2_20250120_073249_0006,pen2_tur_cam2_20250120_073249.jpg,2,3,Sitting,Standing,3,"[2159.0,531.5,253.0,376.0]",2688,1520,pred_correct,3,Standing,2026-03-19T18:10:19.446087
train_pen2_tur_cam2_20250120_073249_0007,pen2_tur_cam2_20250120_073249.jpg,2,3,Sitting,Standing,3,"[2195.0,415.0,191.0,330.0]",2688,1520,annotation_ok,2,Sitting,2026-03-19T18:10:30.161187
train_pen2_tur_cam2_20250120_074249_0005,pen2_tur_cam2_20250120_074249.jpg,3,1,Standing,Lateral_lying_right,3,"[1893.5,536.0,301.0,477.0]",2688,1520,pred_correct,1,Lateral_lying_right,2026-03-19T18:10:55.187351
train_pen2_tur_cam2_20250120_074249_0008,pen2_tur_cam2_20250120_074249.jpg,1,4,Lateral_lying_right,Sternal_lying,3,"[2238.0,327.0,101.0,382.0]",2688,1520,annotation_ok,1,Lateral_lying_right,2026-03-19T18:11:05.486682
train_pen2_tur_cam2_20250120_081432_0005,pen2_tur_cam2_20250120_081432.jpg,2,4,Sitting,Sternal_lying,3,"[804.0,246.5,747.0,349.0]",2688,1520,annotation_ok,2,Sitting,2026-03-19T18:11:09.982536
train_pen2_tur_cam2_20250120_082753_0007,pen2_tur_cam2_20250120_082753.jpg,1,4,Lateral_lying_right,Sternal_lying,3,"[2179.5,318.0,151.0,397.0]",2688,1520,annotation_ok,1,Lateral_lying_right,2026-03-19T18:11:48.715628
train_pen1_orb_cam2_20250108_133105_0000,pen1_orb_cam2_20250108_133105.jpg,4,3,Sternal_lying,Standing,4,"[696.0,775.0,388.0,299.0]",1920,1080,pred_correct,3,Standing,2026-03-19T18:12:42.548754
train_pen1_orb_cam2_20250108_134431_0004,pen1_orb_cam2_20250108_134431.jpg,1,4,Lateral_lying_right,Sternal_lying,4,"[616.0,94.0,353.0,155.0]",1920,1080,pred_correct,4,Sternal_lying,2026-03-19T18:12:52.810782
train_pen1_tur_cam1_20250203_095547_0007,pen1_tur_cam1_20250203_095547.jpg,2,4,Sitting,Sternal_lying,4,"[1493.5,658.0,201.0,162.0]",1920,1080,annotation_ok,2,Sitting,2026-03-19T18:12:57.406616
train_pen1_tur_cam1_20250203_095547_0008,pen1_tur_cam1_20250203_095547.jpg,1,4,Lateral_lying_right,Sternal_lying,4,"[1492.5,794.5,201.0,134.0]",1920,1080,pred_correct,4,Sternal_lying,2026-03-19T18:13:04.050426
train_pen1_tur_cam1_20250203_100048_0009,pen1_tur_cam1_20250203_100048.jpg,0,1,Lateral_lying_left,Lateral_lying_right,4,"[1645.5,605.0,88.0,269.0]",1920,1080,annotation_ok,0,Lateral_lying_left,2026-03-19T18:13:15.646823
train_pen1_tur_cam2_20250122_093919_0006,pen1_tur_cam2_20250122_093919.jpg,3,4,Standing,Sternal_lying,4,"[17.6,381.6,51.7,192.4]",1280,720,annotation_ok,3,Standing,2026-03-19T18:13:20.961417
train_pen1_tur_cam2_20250122_101720_0007,pen1_tur_cam2_20250122_101720.jpg,2,3,Sitting,Standing,4,"[32.0,433.5,127.0,134.0]",1280,720,annotation_ok,2,Sitting,2026-03-19T18:13:25.301385
train_pen1_tur_cam2_20250122_104820_0005,pen1_tur_cam2_20250122_104820.jpg,2,3,Sitting,Standing,4,"[50.5,180.5,148.0,118.0]",1280,720,annotation_ok,2,Sitting,2026-03-19T18:13:29.315212
train_pen1_tur_cam2_20250122_104820_0006,pen1_tur_cam2_20250122_104820.jpg,4,1,Sternal_lying,Lateral_lying_right,4,"[212.0,467.0,219.0,185.0]",1280,720,annotation_ok,4,Sternal_lying,2026-03-19T18:13:34.564671
train_pen1_tur_cam2_20250122_110351_0000,pen1_tur_cam2_20250122_110351.jpg,4,0,Sternal_lying,Lateral_lying_left,4,"[412.0,422.5,277.0,281.0]",1280,720,annotation_ok,4,Sternal_lying,2026-03-19T18:13:38.486405
train_pen1_tur_cam2_20250122_120042_0002,pen1_tur_cam2_20250122_120042.jpg,4,0,Sternal_lying,Lateral_lying_left,4,"[390.0,525.0,352.0,179.0]",1280,720,annotation_ok,4,Sternal_lying,2026-03-19T18:13:41.930280
train_pen1_tur_cam2_20250122_120042_0007,pen1_tur_cam2_20250122_120042.jpg,4,1,Sternal_lying,Lateral_lying_right,4,"[217.5,544.0,278.0,138.0]",1280,720,annotation_ok,4,Sternal_lying,2026-03-19T18:13:46.639824
train_pen1_tur_cam2_20250122_134059_0000,pen1_tur_cam2_20250122_134059.jpg,3,4,Standing,Sternal_lying,4,"[653.0,292.0,344.0,334.0]",1280,720,pred_correct,4,Sternal_lying,2026-03-19T18:14:04.632213
train_pen1_tur_cam2_20250122_135600_0000,pen1_tur_cam2_20250122_135600.jpg,3,4,Standing,Sternal_lying,4,"[420.0,309.0,244.0,370.0]",1280,720,pred_correct,4,Sternal_lying,2026-03-19T18:14:11.984834
train_pen1_tur_cam2_20250122_142603_0001,pen1_tur_cam2_20250122_142603.jpg,3,4,Standing,Sternal_lying,4,"[156.5,405.5,229.0,186.0]",1280,720,annotation_ok,3,Standing,2026-03-19T18:15:01.566999
train_pen1_tur_cam2_20250122_145435_0005,pen1_tur_cam2_20250122_145435.jpg,4,1,Sternal_lying,Lateral_lying_right,4,"[469.5,49.0,300.0,94.0]",1280,720,annotation_ok,4,Sternal_lying,2026-03-19T18:15:06.753146
train_pen1_tur_cam2_20250125_061315_0001,pen1_tur_cam2_20250125_061315.jpg,1,4,Lateral_lying_right,Sternal_lying,4,"[441.0,250.0,404.0,192.0]",1280,720,pred_correct,4,Sternal_lying,2026-03-19T18:15:11.412479
train_pen1_tur_cam2_20250125_061315_0007,pen1_tur_cam2_20250125_061315.jpg,4,3,Sternal_lying,Standing,4,"[153.8,415.5,135.5,191.9]",1280,720,annotation_ok,4,Sternal_lying,2026-03-19T18:15:18.316099
train_pen1_tur_cam2_20250125_072518_0000,pen1_tur_cam2_20250125_072518.jpg,0,4,Lateral_lying_left,Sternal_lying,4,"[377.5,266.0,419.0,252.0]",1280,720,annotation_ok,0,Lateral_lying_left,2026-03-19T18:15:24.884933
train_pen1_tur_cam2_20250125_072518_0006,pen1_tur_cam2_20250125_072518.jpg,0,4,Lateral_lying_left,Sternal_lying,4,"[195.0,441.0,99.0,174.7]",1280,720,annotation_ok,0,Lateral_lying_left,2026-03-19T18:15:29.263649
train_pen1_tur_cam2_20250125_072518_0007,pen1_tur_cam2_20250125_072518.jpg,3,4,Standing,Sternal_lying,4,"[533.0,58.0,327.5,180.4]",1280,720,pred_correct,4,Sternal_lying,2026-03-19T18:15:37.731988
train_pen1_tur_cam2_20250125_093152_0007,pen1_tur_cam2_20250125_093152.jpg,4,1,Sternal_lying,Lateral_lying_right,4,"[446.5,37.5,329.0,137.0]",1280,720,annotation_ok,4,Sternal_lying,2026-03-19T18:15:44.101897
train_pen1_tur_cam2_20250125_102657_0001,pen1_tur_cam2_20250125_102657.jpg,4,0,Sternal_lying,Lateral_lying_left,4,"[660.0,287.5,261.0,410.0]",1280,720,annotation_ok,4,Sternal_lying,2026-03-19T18:15:48.247014
train_pen1_tur_cam2_20250125_105338_0002,pen1_tur_cam2_20250125_105338.jpg,0,2,Lateral_lying_left,Sitting,4,"[383.0,444.0,309.0,265.0]",1280,720,annotation_ok,0,Lateral_lying_left,2026-03-19T18:15:53.747746
train_pen1_tur_cam2_20250125_105338_0004,pen1_tur_cam2_20250125_105338.jpg,4,1,Sternal_lying,Lateral_lying_right,4,"[545.5,229.5,236.0,414.0]",1280,720,annotation_ok,4,Sternal_lying,2026-03-19T18:15:59.630661
train_pen1_tur_cam2_20250125_110839_0007,pen1_tur_cam2_20250125_110839.jpg,1,4,Lateral_lying_right,Sternal_lying,4,"[457.5,36.5,324.0,162.0]",1280,720,pred_correct,4,Sternal_lying,2026-03-19T18:16:04.864911
train_pen1_tur_cam2_20250125_114201_0001,pen1_tur_cam2_20250125_114201.jpg,3,4,Standing,Sternal_lying,4,"[454.5,229.5,335.0,352.0]",1280,720,annotation_ok,3,Standing,2026-03-19T18:16:09.775092
train_pen1_tur_cam2_20250125_114201_0002,pen1_tur_cam2_20250125_114201.jpg,3,4,Standing,Sternal_lying,4,"[676.0,274.5,279.0,434.0]",1280,720,annotation_ok,3,Standing,2026-03-19T18:16:14.917390
train_pen1_tur_cam2_20250125_114201_0007,pen1_tur_cam2_20250125_114201.jpg,3,4,Standing,Sternal_lying,4,"[45.5,365.0,71.0,203.0]",1280,720,pred_correct,4,Sternal_lying,2026-03-19T18:16:20.394803
train_pen1_tur_cam2_20250125_115403_0001,pen1_tur_cam2_20250125_115403.jpg,4,1,Sternal_lying,Lateral_lying_right,4,"[261.0,350.0,329.0,215.0]",1280,720,manual,2,Sitting,2026-03-19T18:16:36.177036
train_pen1_tur_cam2_20250125_115403_0005,pen1_tur_cam2_20250125_115403.jpg,1,4,Lateral_lying_right,Sternal_lying,4,"[73.5,377.8,66.5,215.3]",1280,720,annotation_ok,1,Lateral_lying_right,2026-03-19T18:16:50.751975
train_pen1_tur_cam2_20250125_122314_0005,pen1_tur_cam2_20250125_122314.jpg,3,4,Standing,Sternal_lying,4,"[58.8,350.8,88.6,246.8]",1280,720,annotation_ok,3,Standing,2026-03-19T18:17:06.479371
train_pen1_tur_cam2_20250125_134045_0005,pen1_tur_cam2_20250125_134045.jpg,4,0,Sternal_lying,Lateral_lying_left,4,"[273.0,537.0,321.0,152.0]",1280,720,annotation_ok,4,Sternal_lying,2026-03-19T18:17:14.645060
train_pen1_tur_cam2_20250126_070844_0002,pen1_tur_cam2_20250126_070844.jpg,4,0,Sternal_lying,Lateral_lying_left,4,"[333.0,548.5,391.0,157.0]",1280,720,annotation_ok,4,Sternal_lying,2026-03-19T18:17:18.380214
train_pen1_tur_cam2_20250126_072025_0004,pen1_tur_cam2_20250126_072025.jpg,1,4,Lateral_lying_right,Sternal_lying,4,"[452.5,39.0,314.0,180.0]",1280,720,pred_correct,4,Sternal_lying,2026-03-19T18:17:23.878743
train_pen1_tur_cam2_20250126_082349_0003,pen1_tur_cam2_20250126_082349.jpg,3,4,Standing,Sternal_lying,4,"[373.5,237.0,407.0,175.0]",1280,720,pred_correct,4,Sternal_lying,2026-03-19T18:17:28.932120
train_pen1_tur_cam2_20250126_083350_0007,pen1_tur_cam2_20250126_083350.jpg,1,4,Lateral_lying_right,Sternal_lying,4,"[123.5,155.2,136.0,104.7]",1280,720,pred_correct,4,Sternal_lying,2026-03-19T18:17:35.133653
train_pen1_tur_cam2_20250126_084350_0003,pen1_tur_cam2_20250126_084350.jpg,4,1,Sternal_lying,Lateral_lying_right,4,"[401.5,231.5,375.0,178.0]",1280,720,annotation_ok,4,Sternal_lying,2026-03-19T18:17:44.974287
train_pen1_tur_cam2_20250126_085531_0002,pen1_tur_cam2_20250126_085531.jpg,3,0,Standing,Lateral_lying_left,4,"[342.5,264.0,361.0,177.0]",1280,720,pred_correct,0,Lateral_lying_left,2026-03-19T18:17:51.868990
train_pen1_tur_cam2_20250126_085531_0005,pen1_tur_cam2_20250126_085531.jpg,2,4,Sitting,Sternal_lying,4,"[466.0,74.5,271.0,144.0]",1280,720,annotation_ok,2,Sitting,2026-03-19T18:18:00.252128
train_pen1_tur_cam2_20250126_085531_0007,pen1_tur_cam2_20250126_085531.jpg,1,0,Lateral_lying_right,Lateral_lying_left,4,"[408.2,168.5,344.3,275.7]",1280,720,annotation_ok,1,Lateral_lying_right,2026-03-19T18:18:06.543944
train_pen1_tur_cam2_20250126_093944_0002,pen1_tur_cam2_20250126_093944.jpg,4,1,Sternal_lying,Lateral_lying_right,4,"[377.0,333.0,417.0,229.0]",1280,720,pred_correct,1,Lateral_lying_right,2026-03-19T18:18:17.710775
train_pen1_tur_cam2_20250126_095514_0003,pen1_tur_cam2_20250126_095514.jpg,2,4,Sitting,Sternal_lying,4,"[485.5,39.0,289.0,224.0]",1280,720,annotation_ok,2,Sitting,2026-03-19T18:18:21.802883
train_pen1_tur_cam2_20250126_101044_0003,pen1_tur_cam2_20250126_101044.jpg,0,4,Lateral_lying_left,Sternal_lying,4,"[333.0,511.0,406.0,194.0]",1280,720,pred_correct,4,Sternal_lying,2026-03-19T18:18:26.678458
train_pen1_tur_cam2_20250126_141417_0004,pen1_tur_cam2_20250126_141417.jpg,4,0,Sternal_lying,Lateral_lying_left,4,"[184.5,535.5,230.0,133.0]",1280,720,pred_correct,0,Lateral_lying_left,2026-03-19T18:18:32.777614
train_pen1_tur_cam2_20250126_141557_0003,pen1_tur_cam2_20250126_141557.jpg,4,0,Sternal_lying,Lateral_lying_left,4,"[184.0,530.5,231.0,136.0]",1280,720,annotation_ok,4,Sternal_lying,2026-03-19T18:18:37.488943
train_pen1_tur_cam2_20250126_141557_0006,pen1_tur_cam2_20250126_141557.jpg,2,4,Sitting,Sternal_lying,4,"[129.5,170.5,118.0,123.0]",1280,720,pred_correct,4,Sternal_lying,2026-03-19T18:18:41.868135
train_pen1_tur_cam2_20250126_143059_0006,pen1_tur_cam2_20250126_143059.jpg,0,4,Lateral_lying_left,Sternal_lying,4,"[183.0,497.0,213.0,154.0]",1280,720,annotation_ok,0,Lateral_lying_left,2026-03-19T18:18:47.316689
train_pen1_tur_cam2_20250126_154130_0003,pen1_tur_cam2_20250126_154130.jpg,1,4,Lateral_lying_right,Sternal_lying,4,"[487.5,238.5,341.0,254.0]",1280,720,pred_correct,4,Sternal_lying,2026-03-19T18:18:59.471904
train_pen1_tur_cam2_20250127_101321_0004,pen1_tur_cam2_20250127_101321.jpg,1,4,Lateral_lying_right,Sternal_lying,4,"[441.5,35.0,317.0,181.0]",1280,720,pred_correct,4,Sternal_lying,2026-03-19T18:19:06.559302
train_pen1_tur_cam2_20250127_101321_0007,pen1_tur_cam2_20250127_101321.jpg,3,4,Standing,Sternal_lying,4,"[122.0,150.0,150.0,111.0]",1280,720,pred_correct,4,Sternal_lying,2026-03-19T18:19:10.981827
train_pen1_tur_cam2_20250127_112826_0006,pen1_tur_cam2_20250127_112826.jpg,0,4,Lateral_lying_left,Sternal_lying,4,"[135.0,135.0,149.0,141.0]",1280,720,pred_correct,4,Sternal_lying,2026-03-19T18:19:15.032161
train_pen1_tur_cam2_20250127_114007_0001,pen1_tur_cam2_20250127_114007.jpg,0,4,Lateral_lying_left,Sternal_lying,4,"[172.0,339.5,232.0,272.0]",1280,720,annotation_ok,0,Lateral_lying_left,2026-03-19T18:19:22.611176
train_pen1_tur_cam2_20250127_114007_0007,pen1_tur_cam2_20250127_114007.jpg,0,4,Lateral_lying_left,Sternal_lying,4,"[137.5,151.7,164.8,113.7]",1280,720,annotation_ok,0,Lateral_lying_left,2026-03-19T18:19:27.625021
train_pen1_tur_cam2_20250127_134603_0005,pen1_tur_cam2_20250127_134603.jpg,4,1,Sternal_lying,Lateral_lying_right,4,"[220.5,457.5,313.0,119.0]",1280,720,annotation_ok,4,Sternal_lying,2026-03-19T18:19:35.009508
train_pen1_tur_cam2_20250127_143423_0002,pen1_tur_cam2_20250127_143423.jpg,4,1,Sternal_lying,Lateral_lying_right,4,"[265.0,556.0,302.0,157.0]",1280,720,annotation_ok,4,Sternal_lying,2026-03-19T18:19:40.309574
train_pen1_tur_cam2_20250127_160849_0004,pen1_tur_cam2_20250127_160849.jpg,4,1,Sternal_lying,Lateral_lying_right,4,"[258.0,425.0,273.0,184.0]",1280,720,annotation_ok,4,Sternal_lying,2026-03-19T18:19:45.969308
train_pen1_tur_cam2_20250201_143206_0000,pen1_tur_cam2_20250201_143206.jpg,3,4,Standing,Sternal_lying,4,"[89.5,746.5,346.0,233.0]",1920,1080,annotation_ok,3,Standing,2026-03-19T18:19:50.031686
train_pen1_tur_cam2_20250201_143206_0002,pen1_tur_cam2_20250201_143206.jpg,0,4,Lateral_lying_left,Sternal_lying,4,"[1172.5,310.5,332.0,716.0]",1920,1080,pred_correct,4,Sternal_lying,2026-03-19T18:19:55.348487
train_pen1_tur_cam2_20250201_143526_0003,pen1_tur_cam2_20250201_143526.jpg,4,1,Sternal_lying,Lateral_lying_right,4,"[628.5,843.0,727.0,226.0]",1920,1080,annotation_ok,4,Sternal_lying,2026-03-19T18:20:02.410210
train_pen1_tur_cam2_20250201_144737_0000,pen1_tur_cam2_20250201_144737.jpg,4,2,Sternal_lying,Sitting,4,"[687.0,412.5,683.0,272.0]",1920,1080,annotation_ok,4,Sternal_lying,2026-03-19T18:20:11.773930
train_pen1_tur_cam2_20250203_095907_0002,pen1_tur_cam2_20250203_095907.jpg,4,0,Sternal_lying,Lateral_lying_left,4,"[1243.0,479.5,263.0,558.0]",1920,1080,annotation_ok,4,Sternal_lying,2026-03-19T18:20:20.284856
train_pen1_tur_cam2_20250203_103049_0008,pen1_tur_cam2_20250203_103049.jpg,0,4,Lateral_lying_left,Sternal_lying,4,"[225.0,215.5,183.0,136.0]",1920,1080,annotation_ok,0,Lateral_lying_left,2026-03-19T18:20:24.538718
train_pen1_tur_cam2_20250203_104410_0004,pen1_tur_cam2_20250203_104410.jpg,0,1,Lateral_lying_left,Lateral_lying_right,4,"[1155.0,81.0,286.0,501.0]",1920,1080,annotation_ok,0,Lateral_lying_left,2026-03-19T18:20:34.998656
train_pen1_tur_cam2_20250203_104410_0009,pen1_tur_cam2_20250203_104410.jpg,0,4,Lateral_lying_left,Sternal_lying,4,"[230.0,216.5,220.0,120.0]",1920,1080,pred_correct,4,Sternal_lying,2026-03-19T18:20:40.026173
train_pen1_tur_cam2_20250203_104550_0002,pen1_tur_cam2_20250203_104550.jpg,0,4,Lateral_lying_left,Sternal_lying,4,"[1221.5,81.5,239.0,513.0]",1920,1080,annotation_ok,0,Lateral_lying_left,2026-03-19T18:20:46.094003
train_pen1_tur_cam2_20250203_104550_0008,pen1_tur_cam2_20250203_104550.jpg,0,4,Lateral_lying_left,Sternal_lying,4,"[230.5,214.0,211.0,174.0]",1920,1080,annotation_ok,0,Lateral_lying_left,2026-03-19T18:21:01.640805
train_pen1_tur_cam2_20250203_111412_0000,pen1_tur_cam2_20250203_111412.jpg,4,1,Sternal_lying,Lateral_lying_right,4,"[432.5,637.5,435.0,376.0]",1920,1080,annotation_ok,4,Sternal_lying,2026-03-19T18:21:07.069310
train_pen1_tur_cam2_20250207_123753_0001,pen1_tur_cam2_20250207_123753.jpg,0,1,Lateral_lying_left,Lateral_lying_right,4,"[215.5,335.5,303.0,229.0]",1280,720,pred_correct,1,Lateral_lying_right,2026-03-19T18:21:15.301455
train_pen1_tur_cam2_20250207_123753_0004,pen1_tur_cam2_20250207_123753.jpg,1,0,Lateral_lying_right,Lateral_lying_left,4,"[786.5,310.0,182.0,385.0]",1280,720,annotation_ok,1,Lateral_lying_right,2026-03-19T18:21:25.209372
train_pen1_tur_cam2_20250207_123753_0008,pen1_tur_cam2_20250207_123753.jpg,0,4,Lateral_lying_left,Sternal_lying,4,"[154.0,147.5,130.0,96.0]",1280,720,pred_correct,4,Sternal_lying,2026-03-19T18:21:35.615381
train_pen1_tur_cam2_20250207_125254_0006,pen1_tur_cam2_20250207_125254.jpg,0,4,Lateral_lying_left,Sternal_lying,4,"[61.5,205.5,92.0,185.0]",1280,720,pred_correct,4,Sternal_lying,2026-03-19T18:21:41.568316
train_pen1_tur_cam2_20250207_134758_0006,pen1_tur_cam2_20250207_134758.jpg,4,1,Sternal_lying,Lateral_lying_right,4,"[469.0,45.5,295.0,119.0]",1280,720,annotation_ok,4,Sternal_lying,2026-03-19T18:21:47.236473
train_pen1_tur_cam2_20250207_134758_0008,pen1_tur_cam2_20250207_134758.jpg,2,3,Sitting,Standing,4,"[92.5,172.0,111.0,176.0]",1280,720,annotation_ok,2,Sitting,2026-03-19T18:21:51.739386
train_pen1_tur_cam2_20250207_141759_0001,pen1_tur_cam2_20250207_141759.jpg,4,0,Sternal_lying,Lateral_lying_left,4,"[487.5,309.0,168.0,382.0]",1280,720,annotation_ok,4,Sternal_lying,2026-03-19T18:21:57.272647
train_pen1_tur_cam2_20250207_150943_0005,pen1_tur_cam2_20250207_150943.jpg,4,0,Sternal_lying,Lateral_lying_left,4,"[360.0,153.0,330.0,131.0]",1280,720,annotation_ok,4,Sternal_lying,2026-03-19T18:22:01.851598
train_pen1_tur_cam2_20250220_074344_0004,pen1_tur_cam2_20250220_074344.jpg,1,4,Lateral_lying_right,Sternal_lying,4,"[465.5,39.5,318.0,143.0]",1280,720,pred_correct,4,Sternal_lying,2026-03-19T18:22:06.965714
train_pen1_tur_cam2_20250220_075845_0008,pen1_tur_cam2_20250220_075845.jpg,2,4,Sitting,Sternal_lying,4,"[137.0,132.0,157.0,88.0]",1280,720,annotation_ok,2,Sitting,2026-03-19T18:22:12.781547
train_pen1_tur_cam2_20250220_075845_0009,pen1_tur_cam2_20250220_075845.jpg,2,3,Sitting,Standing,4,"[163.5,180.5,109.0,240.0]",1280,720,pred_correct,3,Standing,2026-03-19T18:22:18.386418
train_pen1_tur_cam2_20250220_082346_0006,pen1_tur_cam2_20250220_082346.jpg,1,4,Lateral_lying_right,Sternal_lying,4,"[608.0,195.5,364.0,172.0]",1280,720,pred_correct,4,Sternal_lying,2026-03-19T18:22:25.223567
train_pen1_tur_cam2_20250220_094352_0009,pen1_tur_cam2_20250220_094352.jpg,1,4,Lateral_lying_right,Sternal_lying,4,"[40.9,470.5,148.0,101.0]",1280,720,pred_correct,4,Sternal_lying,2026-03-19T18:22:34.872996
train_pen1_tur_cam2_20250220_104356_0008,pen1_tur_cam2_20250220_104356.jpg,3,4,Standing,Sternal_lying,4,"[108.9,195.8,159.2,96.1]",1280,720,manual,2,Sitting,2026-03-19T18:27:44.604153
train_pen1_tur_cam2_20250220_104537_0009,pen1_tur_cam2_20250220_104537.jpg,1,4,Lateral_lying_right,Sternal_lying,4,"[150.2,139.7,124.8,111.9]",1280,720,annotation_ok,1,Lateral_lying_right,2026-03-19T18:27:50.496026
train_pen1_tur_cam2_20250220_104857_0002,pen1_tur_cam2_20250220_104857.jpg,0,4,Lateral_lying_left,Sternal_lying,4,"[824.4,240.6,161.0,409.0]",1280,720,pred_correct,4,Sternal_lying,2026-03-19T18:27:56.195382
train_pen2_orb_cam1_20250108_080500_0004,pen2_orb_cam1_20250108_080500.jpg,4,1,Sternal_lying,Lateral_lying_right,4,"[613.0,233.0,214.0,269.0]",1920,1080,annotation_ok,4,Sternal_lying,2026-03-19T18:28:02.510017
train_pen2_orb_cam1_20250108_080959_0003,pen2_orb_cam1_20250108_080959.jpg,4,2,Sternal_lying,Sitting,4,"[1407.0,640.0,340.0,440.0]",1920,1080,manual,3,Standing,2026-03-19T18:28:18.537725
train_pen2_orb_cam1_20250108_081948_0004,pen2_orb_cam1_20250108_081948.jpg,4,1,Sternal_lying,Lateral_lying_right,4,"[617.0,236.0,239.0,306.0]",1920,1080,annotation_ok,4,Sternal_lying,2026-03-19T18:28:27.806696
train_pen2_orb_cam1_20250108_082009_0004,pen2_orb_cam1_20250108_082009.jpg,1,4,Lateral_lying_right,Sternal_lying,4,"[618.0,236.0,238.0,305.0]",1920,1080,annotation_ok,1,Lateral_lying_right,2026-03-19T18:28:33.611616
train_pen2_orb_cam1_20250108_082327_0001,pen2_orb_cam1_20250108_082327.jpg,4,1,Sternal_lying,Lateral_lying_right,4,"[947.0,648.0,454.0,430.0]",1920,1080,annotation_ok,4,Sternal_lying,2026-03-19T18:28:40.507910
train_pen2_orb_cam1_20250108_082451_0004,pen2_orb_cam1_20250108_082451.jpg,4,1,Sternal_lying,Lateral_lying_right,4,"[617.0,236.0,227.0,307.0]",1920,1080,annotation_ok,4,Sternal_lying,2026-03-19T18:28:44.663022
train_pen2_orb_cam1_20250108_085837_0002,pen2_orb_cam1_20250108_085837.jpg,4,1,Sternal_lying,Lateral_lying_right,4,"[1089.0,618.0,322.0,461.0]",1920,1080,pred_correct,1,Lateral_lying_right,2026-03-19T18:28:59.103487
train_pen2_orb_cam2_20250217_130052_0003,pen2_orb_cam2_20250217_130052.jpg,0,4,Lateral_lying_left,Sternal_lying,4,"[784.0,120.5,344.0,146.0]",1920,1080,pred_correct,4,Sternal_lying,2026-03-19T18:29:04.483381
train_pen2_tur_cam1_20250109_071053_0005,pen2_tur_cam1_20250109_071053.jpg,4,0,Sternal_lying,Lateral_lying_left,4,"[522.0,554.0,380.0,162.0]",1280,720,annotation_ok,4,Sternal_lying,2026-03-19T18:29:14.707654
train_pen2_tur_cam1_20250109_071156_0001,pen2_tur_cam1_20250109_071156.jpg,0,4,Lateral_lying_left,Sternal_lying,4,"[533.5,518.5,363.0,192.0]",1280,720,pred_correct,4,Sternal_lying,2026-03-19T18:29:29.702269
train_pen2_tur_cam1_20250109_072013_0006,pen2_tur_cam1_20250109_072013.jpg,3,4,Standing,Sternal_lying,4,"[157.5,395.5,128.0,138.0]",1280,720,annotation_ok,3,Standing,2026-03-19T18:29:37.129138
train_pen2_tur_cam1_20250109_072240_0000,pen2_tur_cam1_20250109_072240.jpg,3,4,Standing,Sternal_lying,4,"[747.5,30.5,333.0,375.0]",1280,720,annotation_ok,3,Standing,2026-03-19T18:29:41.142729
train_pen2_tur_cam1_20250109_072528_0006,pen2_tur_cam1_20250109_072528.jpg,4,1,Sternal_lying,Lateral_lying_right,4,"[536.0,25.5,412.0,158.0]",1280,720,annotation_ok,4,Sternal_lying,2026-03-19T18:29:45.997838
train_pen2_tur_cam1_20250109_072603_0008,pen2_tur_cam1_20250109_072603.jpg,1,4,Lateral_lying_right,Sternal_lying,4,"[196.5,458.5,149.0,128.0]",1280,720,annotation_ok,1,Lateral_lying_right,2026-03-19T18:29:58.090224
train_pen2_tur_cam1_20250109_072933_0007,pen2_tur_cam1_20250109_072933.jpg,1,2,Lateral_lying_right,Sitting,4,"[354.5,10.5,353.0,248.0]",1280,720,annotation_ok,1,Lateral_lying_right,2026-03-19T18:30:04.607339
train_pen2_tur_cam1_20250109_072940_0007,pen2_tur_cam1_20250109_072940.jpg,1,4,Lateral_lying_right,Sternal_lying,4,"[348.5,3.0,353.0,249.0]",1280,720,annotation_ok,1,Lateral_lying_right,2026-03-19T18:30:10.724705
train_pen2_tur_cam1_20250109_073310_0001,pen2_tur_cam1_20250109_073310.jpg,4,3,Sternal_lying,Standing,4,"[705.0,36.0,180.0,397.0]",1280,720,annotation_ok,4,Sternal_lying,2026-03-19T18:30:15.360298
train_pen2_tur_cam1_20250109_073811_0002,pen2_tur_cam1_20250109_073811.jpg,3,2,Standing,Sitting,4,"[455.0,123.5,174.0,396.0]",1280,720,annotation_ok,3,Standing,2026-03-19T18:30:20.904976
train_pen2_tur_cam1_20250109_074354_0008,pen2_tur_cam1_20250109_074354.jpg,4,1,Sternal_lying,Lateral_lying_right,4,"[198.0,449.0,151.0,124.0]",1280,720,annotation_ok,4,Sternal_lying,2026-03-19T18:30:26.515498
train_pen2_tur_cam1_20250109_074717_0002,pen2_tur_cam1_20250109_074717.jpg,4,3,Sternal_lying,Standing,4,"[766.5,139.5,226.0,465.0]",1280,720,pred_correct,3,Standing,2026-03-19T18:30:34.846277
train_pen2_tur_cam1_20250109_075012_0008,pen2_tur_cam1_20250109_075012.jpg,4,1,Sternal_lying,Lateral_lying_right,4,"[201.4,445.7,124.8,128.4]",1280,720,annotation_ok,4,Sternal_lying,2026-03-19T18:30:42.607876
train_pen2_tur_cam1_20250109_075307_0006,pen2_tur_cam1_20250109_075307.jpg,4,1,Sternal_lying,Lateral_lying_right,4,"[203.5,423.5,159.0,146.0]",1280,720,annotation_ok,4,Sternal_lying,2026-03-19T18:30:49.078383
train_pen2_tur_cam1_20250109_075438_0007,pen2_tur_cam1_20250109_075438.jpg,1,4,Lateral_lying_right,Sternal_lying,4,"[204.5,435.0,130.0,130.0]",1280,720,pred_correct,4,Sternal_lying,2026-03-19T18:31:11.688878
train_pen2_tur_cam1_20250109_075520_0007,pen2_tur_cam1_20250109_075520.jpg,1,3,Lateral_lying_right,Standing,4,"[131.1,341.6,111.6,189.8]",1280,720,pred_correct,3,Standing,2026-03-19T18:31:24.534839
train_pen2_tur_cam1_20250109_075747_0003,pen2_tur_cam1_20250109_075747.jpg,4,2,Sternal_lying,Sitting,4,"[152.0,86.0,191.0,130.0]",1280,720,pred_correct,2,Sitting,2026-03-19T18:31:29.015560
train_pen2_tur_cam1_20250109_080653_0000,pen2_tur_cam1_20250109_080653.jpg,4,1,Sternal_lying,Lateral_lying_right,4,"[645.0,289.5,333.0,373.0]",1280,720,pred_correct,1,Lateral_lying_right,2026-03-19T18:31:37.847793
train_pen2_tur_cam1_20250109_080653_0007,pen2_tur_cam1_20250109_080653.jpg,4,0,Sternal_lying,Lateral_lying_left,4,"[131.5,344.5,143.0,139.0]",1280,720,annotation_ok,4,Sternal_lying,2026-03-19T18:31:44.545632
train_pen2_tur_cam1_20250109_080700_0008,pen2_tur_cam1_20250109_080700.jpg,4,0,Sternal_lying,Lateral_lying_left,4,"[141.0,341.0,131.0,147.0]",1280,720,manual,2,Sitting,2026-03-19T18:31:59.928801
train_pen2_tur_cam1_20250120_071928_0000,pen2_tur_cam1_20250120_071928.jpg,1,4,Lateral_lying_right,Sternal_lying,4,"[842.5,303.5,747.0,376.0]",2688,1520,annotation_ok,1,Lateral_lying_right,2026-03-19T18:32:05.982766
train_pen2_tur_cam1_20250120_071928_0001,pen2_tur_cam1_20250120_071928.jpg,4,0,Sternal_lying,Lateral_lying_left,4,"[1108.0,1008.0,770.0,415.0]",2688,1520,annotation_ok,4,Sternal_lying,2026-03-19T18:32:13.424751
train_pen2_tur_cam1_20250120_075750_0002,pen2_tur_cam1_20250120_075750.jpg,4,0,Sternal_lying,Lateral_lying_left,4,"[1089.0,1088.5,659.0,405.0]",2688,1520,annotation_ok,4,Sternal_lying,2026-03-19T18:32:18.535140
train_pen2_tur_cam1_20250120_080932_0007,pen2_tur_cam1_20250120_080932.jpg,4,0,Sternal_lying,Lateral_lying_left,4,"[383.0,847.0,328.0,362.0]",2688,1520,annotation_ok,4,Sternal_lying,2026-03-19T18:32:28.329811
train_pen2_tur_cam1_20250120_084253_0001,pen2_tur_cam1_20250120_084253.jpg,4,0,Sternal_lying,Lateral_lying_left,4,"[1121.0,1108.2,712.0,405.0]",2688,1520,pred_correct,0,Lateral_lying_left,2026-03-19T18:32:34.213961
train_pen2_tur_cam1_20250120_084253_0002,pen2_tur_cam1_20250120_084253.jpg,1,4,Lateral_lying_right,Sternal_lying,4,"[1243.5,44.5,911.0,395.0]",2688,1520,pred_correct,4,Sternal_lying,2026-03-19T18:32:38.155763
train_pen2_tur_cam1_20250120_085254_0004,pen2_tur_cam1_20250120_085254.jpg,4,1,Sternal_lying,Lateral_lying_right,4,"[1670.5,359.0,390.0,906.0]",2688,1520,annotation_ok,4,Sternal_lying,2026-03-19T18:32:45.453401
train_pen2_tur_cam1_20250120_100939_0007,pen2_tur_cam1_20250120_100939.jpg,3,4,Standing,Sternal_lying,4,"[204.0,631.5,227.0,428.0]",2688,1520,annotation_ok,3,Standing,2026-03-19T18:32:54.188333
train_pen2_tur_cam1_20250120_104802_0000,pen2_tur_cam1_20250120_104802.jpg,3,2,Standing,Sitting,4,"[813.5,292.0,654.0,712.0]",2688,1520,annotation_ok,3,Standing,2026-03-19T18:32:59.061208
train_pen2_tur_cam1_20250120_105943_0004,pen2_tur_cam1_20250120_105943.jpg,3,2,Standing,Sitting,4,"[195.5,213.5,290.0,356.0]",2688,1520,annotation_ok,3,Standing,2026-03-19T18:33:03.412869
train_pen2_tur_cam1_20250120_105943_0007,pen2_tur_cam1_20250120_105943.jpg,0,4,Lateral_lying_left,Sternal_lying,4,"[367.0,799.0,287.3,241.3]",2688,1520,annotation_ok,0,Lateral_lying_left,2026-03-19T18:33:08.714377
train_pen2_tur_cam1_20250120_122308_0006,pen2_tur_cam1_20250120_122308.jpg,4,1,Sternal_lying,Lateral_lying_right,4,"[272.0,558.5,154.0,514.0]",2688,1520,annotation_ok,4,Sternal_lying,2026-03-19T18:33:12.606221
train_pen2_tur_cam1_20250120_122308_0008,pen2_tur_cam1_20250120_122308.jpg,1,0,Lateral_lying_right,Lateral_lying_left,4,"[401.2,873.8,277.0,276.7]",2688,1520,pred_correct,0,Lateral_lying_left,2026-03-19T18:33:19.187114
train_pen2_tur_cam1_20250120_122949_0000,pen2_tur_cam1_20250120_122949.jpg,0,4,Lateral_lying_left,Sternal_lying,4,"[1209.0,663.5,921.0,437.0]",2688,1520,pred_correct,4,Sternal_lying,2026-03-19T18:33:24.835726
train_pen2_tur_cam1_20250120_122949_0007,pen2_tur_cam1_20250120_122949.jpg,4,0,Sternal_lying,Lateral_lying_left,4,"[1312.0,304.0,965.0,433.0]",2688,1520,annotation_ok,4,Sternal_lying,2026-03-19T18:33:29.712588
train_pen2_tur_cam1_20250120_133203_0008,pen2_tur_cam1_20250120_133203.jpg,1,4,Lateral_lying_right,Sternal_lying,4,"[274.6,531.4,125.6,478.7]",2688,1520,pred_correct,4,Sternal_lying,2026-03-19T18:33:38.792287
train_pen2_tur_cam1_20250120_135845_0001,pen2_tur_cam1_20250120_135845.jpg,4,3,Sternal_lying,Standing,4,"[1365.5,12.0,923.0,568.0]",2688,1520,annotation_ok,4,Sternal_lying,2026-03-19T18:33:44.456403
train_pen2_tur_cam1_20250120_135845_0003,pen2_tur_cam1_20250120_135845.jpg,4,0,Sternal_lying,Lateral_lying_left,4,"[660.5,63.5,730.0,384.0]",2688,1520,annotation_ok,4,Sternal_lying,2026-03-19T18:33:52.540337
train_pen2_tur_cam1_20250120_140205_0002,pen2_tur_cam1_20250120_140205.jpg,0,4,Lateral_lying_left,Sternal_lying,4,"[1159.0,1117.5,775.0,397.0]",2688,1520,pred_correct,4,Sternal_lying,2026-03-19T18:33:57.907975
train_pen2_tur_cam1_20250120_142217_0008,pen2_tur_cam1_20250120_142217.jpg,1,4,Lateral_lying_right,Sternal_lying,4,"[1056.0,987.0,806.0,358.0]",2688,1520,pred_correct,4,Sternal_lying,2026-03-19T18:34:03.223620
train_pen2_tur_cam1_20250120_142347_0008,pen2_tur_cam1_20250120_142347.jpg,4,0,Sternal_lying,Lateral_lying_left,4,"[1840.5,568.3,443.0,844.3]",2688,1520,annotation_ok,4,Sternal_lying,2026-03-19T18:34:11.477332
train_pen2_tur_cam1_20250120_145349_0006,pen2_tur_cam1_20250120_145349.jpg,3,4,Standing,Sternal_lying,4,"[1077.5,1209.5,724.0,308.0]",2688,1520,pred_correct,4,Sternal_lying,2026-03-19T18:34:17.261736
train_pen2_tur_cam1_20250123_101321_0007,pen2_tur_cam1_20250123_101321.jpg,0,4,Lateral_lying_left,Sternal_lying,4,"[122.0,131.7,88.0,243.0]",1280,720,annotation_ok,0,Lateral_lying_left,2026-03-19T18:34:25.376135
train_pen2_tur_cam1_20250123_113008_0008,pen2_tur_cam1_20250123_113008.jpg,4,0,Sternal_lying,Lateral_lying_left,4,"[194.0,451.7,140.8,120.8]",1280,720,annotation_ok,4,Sternal_lying,2026-03-19T18:34:32.467101
train_pen2_tur_cam1_20250123_114328_0006,pen2_tur_cam1_20250123_114328.jpg,4,1,Sternal_lying,Lateral_lying_right,4,"[159.5,427.0,149.0,138.0]",1280,720,annotation_ok,4,Sternal_lying,2026-03-19T18:34:37.592192
train_pen2_tur_cam1_20250123_123512_0008,pen2_tur_cam1_20250123_123512.jpg,0,4,Lateral_lying_left,Sternal_lying,4,"[144.5,246.5,78.0,246.0]",1280,720,pred_correct,4,Sternal_lying,2026-03-19T18:34:45.425927
train_pen2_tur_cam1_20250123_123832_0003,pen2_tur_cam1_20250123_123832.jpg,4,1,Sternal_lying,Lateral_lying_right,4,"[576.5,18.0,470.0,225.0]",1280,720,annotation_ok,4,Sternal_lying,2026-03-19T18:34:50.683856
train_pen2_tur_cam1_20250123_141517_0004,pen2_tur_cam1_20250123_141517.jpg,0,4,Lateral_lying_left,Sternal_lying,4,"[539.3,545.3,354.0,171.0]",1280,720,pred_correct,4,Sternal_lying,2026-03-19T18:34:54.862882
train_pen2_tur_cam1_20250123_141517_0008,pen2_tur_cam1_20250123_141517.jpg,4,1,Sternal_lying,Lateral_lying_right,4,"[201.5,429.5,135.0,144.0]",1280,720,annotation_ok,4,Sternal_lying,2026-03-19T18:35:01.481280
train_pen2_tur_cam1_20250123_150658_0005,pen2_tur_cam1_20250123_150658.jpg,1,4,Lateral_lying_right,Sternal_lying,4,"[948.0,38.0,150.0,460.0]",1280,720,pred_correct,4,Sternal_lying,2026-03-19T18:35:09.909890
train_pen2_tur_cam1_20250123_151718_0001,pen2_tur_cam1_20250123_151718.jpg,0,4,Lateral_lying_left,Sternal_lying,4,"[354.0,41.0,305.0,339.0]",1280,720,pred_correct,4,Sternal_lying,2026-03-19T18:35:41.206710
train_pen2_tur_cam1_20250209_070508_0006,pen2_tur_cam1_20250209_070508.jpg,4,0,Sternal_lying,Lateral_lying_left,4,"[541.0,557.0,316.0,157.0]",1280,720,annotation_ok,4,Sternal_lying,2026-03-19T18:35:45.506569
train_pen2_tur_cam1_20250209_071008_0003,pen2_tur_cam1_20250209_071008.jpg,4,0,Sternal_lying,Lateral_lying_left,4,"[836.0,32.0,163.0,360.0]",1280,720,annotation_ok,4,Sternal_lying,2026-03-19T18:35:52.905524
train_pen2_tur_cam1_20250209_071008_0005,pen2_tur_cam1_20250209_071008.jpg,0,4,Lateral_lying_left,Sternal_lying,4,"[532.0,588.5,313.0,123.0]",1280,720,pred_correct,4,Sternal_lying,2026-03-19T18:35:56.664036
train_pen2_tur_cam1_20250209_074651_0000,pen2_tur_cam1_20250209_074651.jpg,3,4,Standing,Sternal_lying,4,"[686.0,44.5,345.0,243.0]",1280,720,pred_correct,4,Sternal_lying,2026-03-19T18:36:00.457785
train_pen2_tur_cam1_20250209_075011_0003,pen2_tur_cam1_20250209_075011.jpg,0,4,Lateral_lying_left,Sternal_lying,4,"[392.0,77.0,259.0,233.0]",1280,720,pred_correct,4,Sternal_lying,2026-03-19T18:36:09.439480
train_pen2_tur_cam1_20250209_075011_0004,pen2_tur_cam1_20250209_075011.jpg,4,0,Sternal_lying,Lateral_lying_left,4,"[563.5,481.5,361.0,148.0]",1280,720,annotation_ok,4,Sternal_lying,2026-03-19T18:37:14.359869
train_pen2_tur_cam1_20250209_075011_0006,pen2_tur_cam1_20250209_075011.jpg,4,0,Sternal_lying,Lateral_lying_left,4,"[542.0,581.0,309.0,127.0]",1280,720,annotation_ok,4,Sternal_lying,2026-03-19T18:37:18.271147
train_pen2_tur_cam1_20250209_085655_0008,pen2_tur_cam1_20250209_085655.jpg,1,4,Lateral_lying_right,Sternal_lying,4,"[328.0,46.5,236.0,130.0]",1280,720,pred_correct,4,Sternal_lying,2026-03-19T18:37:22.832093
train_pen2_tur_cam1_20250209_102201_0006,pen2_tur_cam1_20250209_102201.jpg,4,0,Sternal_lying,Lateral_lying_left,4,"[538.0,563.0,277.0,133.0]",1280,720,annotation_ok,4,Sternal_lying,2026-03-19T18:37:44.655844
train_pen2_tur_cam1_20250209_103522_0008,pen2_tur_cam1_20250209_103522.jpg,4,1,Sternal_lying,Lateral_lying_right,4,"[356.5,206.3,178.5,270.7]",1280,720,annotation_ok,4,Sternal_lying,2026-03-19T18:37:54.885810
train_pen2_tur_cam1_20250209_104703_0006,pen2_tur_cam1_20250209_104703.jpg,1,4,Lateral_lying_right,Sternal_lying,4,"[324.0,101.5,119.0,294.0]",1280,720,pred_correct,4,Sternal_lying,2026-03-19T18:38:00.667646
train_pen2_tur_cam1_20250209_105023_0002,pen2_tur_cam1_20250209_105023.jpg,1,4,Lateral_lying_right,Sternal_lying,4,"[703.0,195.5,189.0,306.0]",1280,720,pred_correct,4,Sternal_lying,2026-03-19T18:38:10.805651
train_pen2_tur_cam1_20250209_105704_0008,pen2_tur_cam1_20250209_105704.jpg,0,2,Lateral_lying_left,Sitting,4,"[540.0,626.5,331.0,91.0]",1280,720,annotation_ok,0,Lateral_lying_left,2026-03-19T18:38:16.302009
train_pen2_tur_cam1_20250209_111206_0005,pen2_tur_cam1_20250209_111206.jpg,4,0,Sternal_lying,Lateral_lying_left,4,"[824.5,105.0,227.0,374.0]",1280,720,annotation_ok,4,Sternal_lying,2026-03-19T18:38:22.717986
train_pen2_tur_cam1_20250209_111206_0006,pen2_tur_cam1_20250209_111206.jpg,4,0,Sternal_lying,Lateral_lying_left,4,"[907.5,34.5,189.0,363.0]",1280,720,annotation_ok,4,Sternal_lying,2026-03-19T18:38:30.997059
train_pen2_tur_cam1_20250209_121530_0005,pen2_tur_cam1_20250209_121530.jpg,3,4,Standing,Sternal_lying,4,"[546.0,386.0,263.0,264.0]",1280,720,pred_correct,4,Sternal_lying,2026-03-19T18:38:41.731941
train_pen2_tur_cam1_20250209_125213_0005,pen2_tur_cam1_20250209_125213.jpg,1,4,Lateral_lying_right,Sternal_lying,4,"[919.5,225.0,176.0,380.0]",1280,720,pred_correct,4,Sternal_lying,2026-03-19T18:38:46.104615
train_pen2_tur_cam1_20250209_134037_0007,pen2_tur_cam1_20250209_134037.jpg,0,4,Lateral_lying_left,Sternal_lying,4,"[200.0,445.0,151.0,126.0]",1280,720,pred_correct,4,Sternal_lying,2026-03-19T18:38:51.099510
train_pen2_tur_cam1_20250209_140539_0008,pen2_tur_cam1_20250209_140539.jpg,4,0,Sternal_lying,Lateral_lying_left,4,"[920.8,203.2,165.0,391.0]",1280,720,annotation_ok,4,Sternal_lying,2026-03-19T18:39:02.255879
train_pen2_tur_cam2_20250120_072748_0001,pen2_tur_cam2_20250120_072748.jpg,1,4,Lateral_lying_right,Sternal_lying,4,"[1663.5,277.0,473.0,335.0]",2688,1520,pred_correct,4,Sternal_lying,2026-03-19T18:39:09.903995
train_pen2_tur_cam2_20250120_072748_0008,pen2_tur_cam2_20250120_072748.jpg,1,4,Lateral_lying_right,Sternal_lying,4,"[2234.0,271.5,87.0,430.0]",2688,1520,pred_correct,4,Sternal_lying,2026-03-19T18:39:20.811568
train_pen2_tur_cam2_20250120_075250_0006,pen2_tur_cam2_20250120_075250.jpg,4,1,Sternal_lying,Lateral_lying_right,4,"[2185.5,307.0,149.0,469.0]",2688,1520,annotation_ok,4,Sternal_lying,2026-03-19T18:39:26.457174
train_pen2_tur_cam2_20250120_075250_0007,pen2_tur_cam2_20250120_075250.jpg,4,1,Sternal_lying,Lateral_lying_right,4,"[2115.5,232.0,174.0,488.0]",2688,1520,annotation_ok,4,Sternal_lying,2026-03-19T18:39:31.763704
train_pen2_tur_cam2_20250120_080251_0005,pen2_tur_cam2_20250120_080251.jpg,4,1,Sternal_lying,Lateral_lying_right,4,"[1836.6,325.6,409.0,287.0]",2688,1520,annotation_ok,4,Sternal_lying,2026-03-19T18:39:35.827413
train_pen2_tur_cam2_20250120_080932_0008,pen2_tur_cam2_20250120_080932.jpg,4,0,Sternal_lying,Lateral_lying_left,4,"[801.6,1108.0,803.0,260.0]",2688,1520,annotation_ok,4,Sternal_lying,2026-03-19T18:39:42.102993
train_pen2_tur_cam2_20250120_082433_0008,pen2_tur_cam2_20250120_082433.jpg,1,4,Lateral_lying_right,Sternal_lying,4,"[2174.1,257.0,152.0,454.0]",2688,1520,pred_correct,4,Sternal_lying,2026-03-19T18:39:46.792963
train_pen1_orb_cam1_20250108_085612_0006,pen1_orb_cam1_20250108_085612.jpg,4,1,Sternal_lying,Lateral_lying_right,5,"[665.0,95.0,340.0,185.0]",1920,1080,annotation_ok,4,Sternal_lying,2026-03-19T18:41:16.451086
train_pen1_orb_cam2_20250108_083331_0000,pen1_orb_cam2_20250108_083331.jpg,4,0,Sternal_lying,Lateral_lying_left,5,"[615.0,414.0,307.0,577.0]",1920,1080,annotation_ok,4,Sternal_lying,2026-03-19T18:41:23.982023
train_pen1_tur_cam1_20250203_100408_0008,pen1_tur_cam1_20250203_100408.jpg,1,4,Lateral_lying_right,Sternal_lying,5,"[1604.0,617.0,114.0,256.0]",1920,1080,annotation_ok,1,Lateral_lying_right,2026-03-19T18:41:42.106715
train_pen1_tur_cam2_20250122_093559_0002,pen1_tur_cam2_20250122_093559.jpg,0,4,Lateral_lying_left,Sternal_lying,5,"[492.0,538.3,412.7,165.2]",1280,720,pred_correct,4,Sternal_lying,2026-03-19T18:41:56.343813
train_pen1_tur_cam2_20250122_101530_0004,pen1_tur_cam2_20250122_101530.jpg,4,0,Sternal_lying,Lateral_lying_left,5,"[415.5,587.0,343.0,116.0]",1280,720,annotation_ok,4,Sternal_lying,2026-03-19T18:42:02.123546
train_pen1_tur_cam2_20250122_103100_0002,pen1_tur_cam2_20250122_103100.jpg,0,4,Lateral_lying_left,Sternal_lying,5,"[415.0,565.5,357.0,140.0]",1280,720,pred_correct,4,Sternal_lying,2026-03-19T18:42:18.825409
train_pen1_tur_cam2_20250122_103100_0006,pen1_tur_cam2_20250122_103100.jpg,2,3,Sitting,Standing,5,"[201.0,438.0,191.0,212.2]",1280,720,annotation_ok,2,Sitting,2026-03-19T18:42:24.824157
train_pen1_tur_cam2_20250122_112941_0005,pen1_tur_cam2_20250122_112941.jpg,1,4,Lateral_lying_right,Sternal_lying,5,"[449.0,38.0,316.0,153.0]",1280,720,pred_correct,4,Sternal_lying,2026-03-19T18:42:31.831571
train_pen1_tur_cam2_20250122_114321_0004,pen1_tur_cam2_20250122_114321.jpg,1,4,Lateral_lying_right,Sternal_lying,5,"[221.0,543.0,284.0,135.0]",1280,720,pred_correct,4,Sternal_lying,2026-03-19T18:42:36.201943
train_pen1_tur_cam2_20250122_114321_0006,pen1_tur_cam2_20250122_114321.jpg,4,3,Sternal_lying,Standing,5,"[331.5,129.0,160.0,183.0]",1280,720,pred_correct,3,Standing,2026-03-19T18:42:43.111538
train_pen1_tur_cam2_20250122_121412_0006,pen1_tur_cam2_20250122_121412.jpg,4,1,Sternal_lying,Lateral_lying_right,5,"[444.0,38.0,306.0,167.0]",1280,720,annotation_ok,4,Sternal_lying,2026-03-19T18:42:48.666172
train_pen1_tur_cam2_20250122_125556_0004,pen1_tur_cam2_20250122_125556.jpg,3,2,Standing,Sitting,5,"[31.9,431.6,160.0,115.0]",1280,720,annotation_ok,3,Standing,2026-03-19T18:42:57.052857
train_pen1_tur_cam2_20250122_125556_0006,pen1_tur_cam2_20250122_125556.jpg,0,4,Lateral_lying_left,Sternal_lying,5,"[332.0,555.1,325.0,151.0]",1280,720,pred_correct,4,Sternal_lying,2026-03-19T18:43:05.064619
train_pen1_tur_cam2_20250122_132558_0003,pen1_tur_cam2_20250122_132558.jpg,0,4,Lateral_lying_left,Sternal_lying,5,"[218.0,443.6,270.0,219.0]",1280,720,pred_correct,4,Sternal_lying,2026-03-19T18:43:16.479032
train_pen1_tur_cam2_20250122_140921_0005,pen1_tur_cam2_20250122_140921.jpg,4,0,Sternal_lying,Lateral_lying_left,5,"[645.9,326.1,322.0,319.0]",1280,720,annotation_ok,4,Sternal_lying,2026-03-19T18:43:26.927829
train_pen1_tur_cam2_20250122_145115_0005,pen1_tur_cam2_20250122_145115.jpg,1,4,Lateral_lying_right,Sternal_lying,5,"[463.5,46.9,306.0,90.0]",1280,720,pred_correct,4,Sternal_lying,2026-03-19T18:43:32.816864
train_pen1_tur_cam2_20250122_145115_0006,pen1_tur_cam2_20250122_145115.jpg,1,4,Lateral_lying_right,Sternal_lying,5,"[824.0,226.0,158.0,368.0]",1280,720,pred_correct,4,Sternal_lying,2026-03-19T18:43:40.398996
train_pen1_tur_cam2_20250125_062317_0000,pen1_tur_cam2_20250125_062317.jpg,0,4,Lateral_lying_left,Sternal_lying,5,"[418.9,386.6,414.0,206.0]",1280,720,pred_correct,4,Sternal_lying,2026-03-19T18:43:46.788160
train_pen1_tur_cam2_20250125_072328_0003,pen1_tur_cam2_20250125_072328.jpg,0,4,Lateral_lying_left,Sternal_lying,5,"[412.0,436.0,420.0,200.0]",1280,720,pred_correct,4,Sternal_lying,2026-03-19T18:43:51.395336
train_pen1_tur_cam2_20250125_072328_0007,pen1_tur_cam2_20250125_072328.jpg,1,4,Lateral_lying_right,Sternal_lying,5,"[447.0,41.0,308.0,169.7]",1280,720,pred_correct,4,Sternal_lying,2026-03-19T18:43:57.935171
train_pen1_tur_cam2_20250125_073539_0002,pen1_tur_cam2_20250125_073539.jpg,0,4,Lateral_lying_left,Sternal_lying,5,"[430.0,329.5,432.0,198.0]",1280,720,pred_correct,4,Sternal_lying,2026-03-19T18:44:02.972343
train_pen1_tur_cam2_20250125_073539_0006,pen1_tur_cam2_20250125_073539.jpg,4,3,Sternal_lying,Standing,5,"[38.0,497.5,142.0,105.0]",1280,720,annotation_ok,4,Sternal_lying,2026-03-19T18:44:12.887137
train_pen1_tur_cam2_20250125_080449_0007,pen1_tur_cam2_20250125_080449.jpg,4,0,Sternal_lying,Lateral_lying_left,5,"[54.0,499.7,124.8,101.0]",1280,720,annotation_ok,4,Sternal_lying,2026-03-19T18:44:17.862286
train_pen1_tur_cam2_20250125_084610_0003,pen1_tur_cam2_20250125_084610.jpg,1,4,Lateral_lying_right,Sternal_lying,5,"[366.0,163.5,321.0,188.0]",1280,720,pred_correct,4,Sternal_lying,2026-03-19T18:44:24.440224
train_pen1_tur_cam2_20250125_084610_0006,pen1_tur_cam2_20250125_084610.jpg,0,4,Lateral_lying_left,Sternal_lying,5,"[243.5,528.0,268.0,164.0]",1280,720,pred_correct,4,Sternal_lying,2026-03-19T18:44:31.742767
train_pen1_tur_cam2_20250125_090140_0000,pen1_tur_cam2_20250125_090140.jpg,2,1,Sitting,Lateral_lying_right,5,"[425.0,100.4,355.0,217.0]",1280,720,annotation_ok,2,Sitting,2026-03-19T18:44:40.969942
train_pen1_tur_cam2_20250125_091332_0007,pen1_tur_cam2_20250125_091332.jpg,1,4,Lateral_lying_right,Sternal_lying,5,"[451.5,38.5,322.0,123.0]",1280,720,pred_correct,4,Sternal_lying,2026-03-19T18:44:46.503626
train_pen1_tur_cam2_20250125_092832_0007,pen1_tur_cam2_20250125_092832.jpg,1,4,Lateral_lying_right,Sternal_lying,5,"[91.4,509.5,120.8,118.2]",1280,720,pred_correct,4,Sternal_lying,2026-03-19T18:45:05.611470
train_pen1_tur_cam2_20250125_094153_0007,pen1_tur_cam2_20250125_094153.jpg,4,1,Sternal_lying,Lateral_lying_right,5,"[92.5,503.5,143.0,117.0]",1280,720,annotation_ok,4,Sternal_lying,2026-03-19T18:45:14.659744
train_pen1_tur_cam2_20250125_102337_0000,pen1_tur_cam2_20250125_102337.jpg,4,3,Sternal_lying,Standing,5,"[412.0,236.0,272.0,301.0]",1280,720,pred_correct,3,Standing,2026-03-19T18:45:22.127676
train_pen1_tur_cam2_20250125_102337_0006,pen1_tur_cam2_20250125_102337.jpg,0,3,Lateral_lying_left,Standing,5,"[234.0,402.6,255.3,170.0]",1280,720,pred_correct,3,Standing,2026-03-19T18:45:46.312038
train_pen1_tur_cam2_20250125_105157_0003,pen1_tur_cam2_20250125_105157.jpg,2,0,Sitting,Lateral_lying_left,5,"[386.5,442.0,307.0,268.0]",1280,720,manual,4,Sternal_lying,2026-03-19T18:46:16.596420
train_pen1_tur_cam2_20250125_111659_0001,pen1_tur_cam2_20250125_111659.jpg,1,4,Lateral_lying_right,Sternal_lying,5,"[500.5,219.5,271.0,401.0]",1280,720,pred_correct,4,Sternal_lying,2026-03-19T18:46:26.013114
train_pen1_tur_cam2_20250125_111659_0002,pen1_tur_cam2_20250125_111659.jpg,3,4,Standing,Sternal_lying,5,"[182.5,314.0,274.0,194.0]",1280,720,annotation_ok,3,Standing,2026-03-19T18:46:35.437276
train_pen1_tur_cam2_20250125_120744_0000,pen1_tur_cam2_20250125_120744.jpg,4,0,Sternal_lying,Lateral_lying_left,5,"[604.0,429.0,392.0,275.0]",1280,720,annotation_ok,4,Sternal_lying,2026-03-19T18:46:40.984157
train_pen1_tur_cam2_20250125_123334_0007,pen1_tur_cam2_20250125_123334.jpg,4,3,Sternal_lying,Standing,5,"[105.5,396.2,102.5,202.8]",1280,720,annotation_ok,4,Sternal_lying,2026-03-19T18:46:56.528299
train_pen1_tur_cam2_20250125_125604_0003,pen1_tur_cam2_20250125_125604.jpg,0,4,Lateral_lying_left,Sternal_lying,5,"[236.0,306.0,332.0,165.0]",1280,720,pred_correct,4,Sternal_lying,2026-03-19T18:47:06.005651
train_pen1_tur_cam2_20250125_125604_0005,pen1_tur_cam2_20250125_125604.jpg,1,4,Lateral_lying_right,Sternal_lying,5,"[462.0,41.5,316.0,139.0]",1280,720,pred_correct,4,Sternal_lying,2026-03-19T18:47:10.780510
train_pen1_tur_cam2_20250125_130944_0007,pen1_tur_cam2_20250125_130944.jpg,1,4,Lateral_lying_right,Sternal_lying,5,"[427.0,547.5,387.0,159.0]",1280,720,pred_correct,4,Sternal_lying,2026-03-19T18:47:15.337884
train_pen1_tur_cam2_20250125_132515_0005,pen1_tur_cam2_20250125_132515.jpg,1,4,Lateral_lying_right,Sternal_lying,5,"[429.5,560.5,391.0,144.0]",1280,720,pred_correct,4,Sternal_lying,2026-03-19T18:47:20.544484
train_pen1_tur_cam2_20250125_144357_0005,pen1_tur_cam2_20250125_144357.jpg,0,4,Lateral_lying_left,Sternal_lying,5,"[527.0,541.0,420.0,173.0]",1280,720,pred_correct,4,Sternal_lying,2026-03-19T18:47:25.709051
train_pen1_tur_cam2_20250126_080028_0000,pen1_tur_cam2_20250126_080028.jpg,0,4,Lateral_lying_left,Sternal_lying,5,"[597.4,363.0,395.0,253.0]",1280,720,pred_correct,4,Sternal_lying,2026-03-19T18:47:30.314560
train_pen1_tur_cam2_20250126_081529_0006,pen1_tur_cam2_20250126_081529.jpg,4,1,Sternal_lying,Lateral_lying_right,5,"[438.0,35.0,321.0,153.0]",1280,720,annotation_ok,4,Sternal_lying,2026-03-19T18:47:35.920204
train_pen1_tur_cam2_20250126_082531_0002,pen1_tur_cam2_20250126_082531.jpg,4,3,Sternal_lying,Standing,5,"[372.5,238.0,413.0,183.0]",1280,720,annotation_ok,4,Sternal_lying,2026-03-19T18:47:43.959336
train_pen1_tur_cam2_20250126_083030_0002,pen1_tur_cam2_20250126_083030.jpg,3,4,Standing,Sternal_lying,5,"[373.5,238.0,390.0,180.0]",1280,720,pred_correct,4,Sternal_lying,2026-03-19T18:47:49.642634
train_pen1_tur_cam2_20250126_092414_0003,pen1_tur_cam2_20250126_092414.jpg,4,3,Sternal_lying,Standing,5,"[104.0,499.0,214.0,148.0]",1280,720,annotation_ok,4,Sternal_lying,2026-03-19T18:47:57.600142
train_pen1_tur_cam2_20250126_110415_0001,pen1_tur_cam2_20250126_110415.jpg,1,0,Lateral_lying_right,Lateral_lying_left,5,"[531.5,444.0,412.0,265.0]",1280,720,pred_correct,0,Lateral_lying_left,2026-03-19T18:48:05.766492
train_pen1_tur_cam2_20250126_110415_0005,pen1_tur_cam2_20250126_110415.jpg,1,0,Lateral_lying_right,Lateral_lying_left,5,"[435.0,374.5,303.0,319.0]",1280,720,pred_correct,0,Lateral_lying_left,2026-03-19T18:48:12.891308
train_pen1_tur_cam2_20250126_140055_0005,pen1_tur_cam2_20250126_140055.jpg,0,4,Lateral_lying_left,Sternal_lying,5,"[457.5,98.0,346.0,153.0]",1280,720,pred_correct,4,Sternal_lying,2026-03-19T18:48:19.182226
train_pen1_tur_cam2_20250127_104503_0007,pen1_tur_cam2_20250127_104503.jpg,3,4,Standing,Sternal_lying,5,"[145.5,141.0,133.0,102.0]",1280,720,pred_correct,4,Sternal_lying,2026-03-19T18:48:24.647342
train_pen1_tur_cam2_20250127_110004_0001,pen1_tur_cam2_20250127_110004.jpg,4,0,Sternal_lying,Lateral_lying_left,5,"[326.0,281.5,361.0,199.0]",1280,720,annotation_ok,4,Sternal_lying,2026-03-19T18:48:33.105754
train_pen1_tur_cam2_20250127_111325_0000,pen1_tur_cam2_20250127_111325.jpg,0,4,Lateral_lying_left,Sternal_lying,5,"[314.9,237.6,392.0,233.0]",1280,720,pred_correct,4,Sternal_lying,2026-03-19T18:48:38.395778
train_pen1_tur_cam2_20250127_120008_0000,pen1_tur_cam2_20250127_120008.jpg,2,0,Sitting,Lateral_lying_left,5,"[322.0,174.0,292.0,334.0]",1280,720,annotation_ok,2,Sitting,2026-03-19T18:48:47.859901
train_pen1_tur_cam2_20250127_120008_0003,pen1_tur_cam2_20250127_120008.jpg,2,3,Sitting,Standing,5,"[635.0,354.5,269.0,344.0]",1280,720,annotation_ok,2,Sitting,2026-03-19T18:48:52.760369
train_pen1_tur_cam2_20250127_120008_0007,pen1_tur_cam2_20250127_120008.jpg,2,4,Sitting,Sternal_lying,5,"[117.5,185.0,94.0,97.8]",1280,720,annotation_ok,2,Sitting,2026-03-19T18:48:59.288704
train_pen1_tur_cam2_20250127_143233_0001,pen1_tur_cam2_20250127_143233.jpg,4,1,Sternal_lying,Lateral_lying_right,5,"[224.0,415.0,269.0,168.0]",1280,720,annotation_ok,4,Sternal_lying,2026-03-19T18:49:12.496135
train_pen1_tur_cam2_20250127_143233_0003,pen1_tur_cam2_20250127_143233.jpg,4,1,Sternal_lying,Lateral_lying_right,5,"[261.5,554.6,348.0,158.0]",1280,720,annotation_ok,4,Sternal_lying,2026-03-19T18:49:18.439936
train_pen1_tur_cam2_20250127_145314_0002,pen1_tur_cam2_20250127_145314.jpg,4,3,Sternal_lying,Standing,5,"[724.0,178.5,177.0,388.0]",1280,720,pred_correct,3,Standing,2026-03-19T18:49:24.389872
train_pen1_tur_cam2_20250127_152025_0000,pen1_tur_cam2_20250127_152025.jpg,0,4,Lateral_lying_left,Sternal_lying,5,"[205.5,272.1,301.0,216.0]",1280,720,pred_correct,4,Sternal_lying,2026-03-19T18:49:29.950324
train_pen1_tur_cam2_20250127_155348_0002,pen1_tur_cam2_20250127_155348.jpg,4,1,Sternal_lying,Lateral_lying_right,5,"[553.5,140.0,398.0,231.0]",1280,720,annotation_ok,4,Sternal_lying,2026-03-19T18:49:45.855032
train_pen1_tur_cam2_20250201_093731_0002,pen1_tur_cam2_20250201_093731.jpg,4,1,Sternal_lying,Lateral_lying_right,5,"[797.5,159.0,478.0,361.0]",1920,1080,annotation_ok,4,Sternal_lying,2026-03-19T18:49:58.295904
train_pen1_tur_cam2_20250201_093731_0006,pen1_tur_cam2_20250201_093731.jpg,1,4,Lateral_lying_right,Sternal_lying,5,"[682.5,61.5,484.0,221.0]",1920,1080,pred_correct,4,Sternal_lying,2026-03-19T18:50:16.908918
train_pen1_tur_cam2_20250203_102909_0005,pen1_tur_cam2_20250203_102909.jpg,2,4,Sitting,Sternal_lying,5,"[138.5,787.5,282.0,183.0]",1920,1080,annotation_ok,2,Sitting,2026-03-19T18:50:23.439567
train_pen1_tur_cam2_20250203_112913_0003,pen1_tur_cam2_20250203_112913.jpg,1,0,Lateral_lying_right,Lateral_lying_left,5,"[870.5,429.0,302.0,619.0]",1920,1080,pred_correct,0,Lateral_lying_left,2026-03-19T18:50:33.419374
train_pen1_tur_cam2_20250207_125434_0008,pen1_tur_cam2_20250207_125434.jpg,4,0,Sternal_lying,Lateral_lying_left,5,"[143.0,148.0,155.0,96.0]",1280,720,annotation_ok,4,Sternal_lying,2026-03-19T18:50:38.895182
train_pen1_tur_cam2_20250207_130434_0008,pen1_tur_cam2_20250207_130434.jpg,0,4,Lateral_lying_left,Sternal_lying,5,"[71.5,299.0,75.0,213.0]",1280,720,annotation_ok,0,Lateral_lying_left,2026-03-19T18:50:44.576982
train_pen1_tur_cam2_20250207_131434_0005,pen1_tur_cam2_20250207_131434.jpg,4,3,Sternal_lying,Standing,5,"[65.0,517.5,219.0,137.0]",1280,720,pred_correct,3,Standing,2026-03-19T18:50:50.764218
train_pen1_tur_cam2_20250207_131936_0002,pen1_tur_cam2_20250207_131936.jpg,0,4,Lateral_lying_left,Sternal_lying,5,"[772.0,310.3,182.9,385.3]",1280,720,pred_correct,4,Sternal_lying,2026-03-19T18:50:55.343883
train_pen1_tur_cam2_20250207_131936_0005,pen1_tur_cam2_20250207_131936.jpg,0,1,Lateral_lying_left,Lateral_lying_right,5,"[508.5,292.5,152.0,400.0]",1280,720,pred_correct,1,Lateral_lying_right,2026-03-19T18:51:01.443784
train_pen1_tur_cam2_20250207_131936_0009,pen1_tur_cam2_20250207_131936.jpg,2,3,Sitting,Standing,5,"[139.0,129.0,129.0,115.0]",1280,720,annotation_ok,2,Sitting,2026-03-19T18:51:10.996735
train_pen1_tur_cam2_20250207_133937_0006,pen1_tur_cam2_20250207_133937.jpg,4,0,Sternal_lying,Lateral_lying_left,5,"[150.5,145.5,123.0,89.0]",1280,720,annotation_ok,4,Sternal_lying,2026-03-19T18:51:24.833813
train_pen1_tur_cam2_20250207_140759_0007,pen1_tur_cam2_20250207_140759.jpg,2,0,Sitting,Lateral_lying_left,5,"[638.5,83.0,183.0,342.0]",1280,720,annotation_ok,2,Sitting,2026-03-19T18:51:35.713174
train_pen1_tur_cam2_20250207_142941_0004,pen1_tur_cam2_20250207_142941.jpg,2,4,Sitting,Sternal_lying,5,"[555.0,341.5,184.0,360.0]",1280,720,annotation_ok,2,Sitting,2026-03-19T18:51:39.669540
train_pen1_tur_cam2_20250207_142941_0008,pen1_tur_cam2_20250207_142941.jpg,4,0,Sternal_lying,Lateral_lying_left,5,"[217.9,357.0,234.0,176.0]",1280,720,annotation_ok,4,Sternal_lying,2026-03-19T18:51:48.470730
train_pen1_tur_cam2_20250207_145803_0007,pen1_tur_cam2_20250207_145803.jpg,0,4,Lateral_lying_left,Sternal_lying,5,"[362.5,231.0,386.0,140.0]",1280,720,pred_correct,4,Sternal_lying,2026-03-19T18:51:53.382234
train_pen1_tur_cam2_20250207_145803_0008,pen1_tur_cam2_20250207_145803.jpg,4,1,Sternal_lying,Lateral_lying_right,5,"[453.0,41.5,309.0,133.0]",1280,720,annotation_ok,4,Sternal_lying,2026-03-19T18:52:06.941867
train_pen1_tur_cam2_20250207_151443_0006,pen1_tur_cam2_20250207_151443.jpg,0,1,Lateral_lying_left,Lateral_lying_right,5,"[677.5,54.5,257.0,283.0]",1280,720,pred_correct,1,Lateral_lying_right,2026-03-19T18:52:18.745957
train_pen1_tur_cam2_20250207_154447_0001,pen1_tur_cam2_20250207_154447.jpg,0,4,Lateral_lying_left,Sternal_lying,5,"[559.5,187.5,282.0,330.0]",1280,720,pred_correct,4,Sternal_lying,2026-03-19T18:52:24.460116
train_pen1_tur_cam2_20250207_154447_0005,pen1_tur_cam2_20250207_154447.jpg,1,0,Lateral_lying_right,Lateral_lying_left,5,"[830.0,165.5,173.0,362.0]",1280,720,pred_correct,0,Lateral_lying_left,2026-03-19T18:52:32.182047
train_pen1_tur_cam2_20250220_071842_0006,pen1_tur_cam2_20250220_071842.jpg,3,4,Standing,Sternal_lying,5,"[367.0,70.5,327.0,224.0]",1280,720,annotation_ok,3,Standing,2026-03-19T18:52:43.052713
train_pen1_tur_cam2_20250220_073523_0003,pen1_tur_cam2_20250220_073523.jpg,1,4,Lateral_lying_right,Sternal_lying,5,"[817.0,234.0,184.0,438.0]",1280,720,manual,3,Standing,2026-03-19T18:52:57.873702
train_pen1_tur_cam2_20250220_073523_0009,pen1_tur_cam2_20250220_073523.jpg,1,0,Lateral_lying_right,Lateral_lying_left,5,"[130.5,159.0,139.0,122.0]",1280,720,pred_correct,0,Lateral_lying_left,2026-03-19T18:53:07.084211
train_pen1_tur_cam2_20250220_081346_0008,pen1_tur_cam2_20250220_081346.jpg,1,4,Lateral_lying_right,Sternal_lying,5,"[724.0,274.5,193.0,427.0]",1280,720,annotation_ok,1,Lateral_lying_right,2026-03-19T18:53:15.787900
train_pen1_tur_cam2_20250220_090349_0001,pen1_tur_cam2_20250220_090349.jpg,4,0,Sternal_lying,Lateral_lying_left,5,"[463.0,508.0,405.0,199.0]",1280,720,annotation_ok,4,Sternal_lying,2026-03-19T18:53:21.123440
train_pen1_tur_cam2_20250220_100854_0001,pen1_tur_cam2_20250220_100854.jpg,4,0,Sternal_lying,Lateral_lying_left,5,"[703.0,179.4,180.0,412.0]",1280,720,pred_correct,0,Lateral_lying_left,2026-03-19T18:53:27.533556
train_pen1_tur_cam2_20250220_102035_0000,pen1_tur_cam2_20250220_102035.jpg,4,0,Sternal_lying,Lateral_lying_left,5,"[410.0,371.6,325.0,296.0]",1280,720,pred_correct,0,Lateral_lying_left,2026-03-19T18:53:32.963848
train_pen1_tur_cam2_20250220_103356_0000,pen1_tur_cam2_20250220_103356.jpg,2,4,Sitting,Sternal_lying,5,"[621.0,345.6,309.0,347.0]",1280,720,annotation_ok,2,Sitting,2026-03-19T18:53:39.182318
train_pen1_tur_cam2_20250220_105037_0001,pen1_tur_cam2_20250220_105037.jpg,0,4,Lateral_lying_left,Sternal_lying,5,"[844.4,260.1,137.0,355.0]",1280,720,pred_correct,4,Sternal_lying,2026-03-19T18:54:47.078983
train_pen2_orb_cam1_20250108_081539_0003,pen2_orb_cam1_20250108_081539.jpg,4,1,Sternal_lying,Lateral_lying_right,5,"[614.0,239.0,221.0,355.0]",1920,1080,annotation_ok,4,Sternal_lying,2026-03-19T18:54:54.947734
train_pen2_orb_cam1_20250108_081943_0004,pen2_orb_cam1_20250108_081943.jpg,4,1,Sternal_lying,Lateral_lying_right,5,"[616.0,236.0,240.0,314.0]",1920,1080,annotation_ok,4,Sternal_lying,2026-03-19T18:54:59.060063
train_pen2_orb_cam1_20250108_082434_0004,pen2_orb_cam1_20250108_082434.jpg,4,1,Sternal_lying,Lateral_lying_right,5,"[615.0,236.0,221.0,381.0]",1920,1080,annotation_ok,4,Sternal_lying,2026-03-19T18:55:02.596080
train_pen2_orb_cam1_20250108_084600_0004,pen2_orb_cam1_20250108_084600.jpg,2,4,Sitting,Sternal_lying,5,"[641.0,234.0,206.0,306.0]",1920,1080,annotation_ok,2,Sitting,2026-03-19T18:55:07.081745
train_pen2_orb_cam1_20250108_085407_0001,pen2_orb_cam1_20250108_085407.jpg,1,4,Lateral_lying_right,Sternal_lying,5,"[982.0,620.0,427.0,460.0]",1920,1080,pred_correct,4,Sternal_lying,2026-03-19T18:55:17.035188
train_pen2_orb_cam2_20250217_125259_0004,pen2_orb_cam2_20250217_125259.jpg,4,1,Sternal_lying,Lateral_lying_right,5,"[630.0,149.5,316.0,167.0]",1920,1080,annotation_ok,4,Sternal_lying,2026-03-19T18:55:24.800195
train_pen2_orb_cam2_20250217_125559_0006,pen2_orb_cam2_20250217_125559.jpg,4,1,Sternal_lying,Lateral_lying_right,5,"[621.5,148.0,332.0,174.0]",1920,1080,annotation_ok,4,Sternal_lying,2026-03-19T18:55:33.639441
train_pen2_orb_cam2_20250217_130342_0001,pen2_orb_cam2_20250217_130342.jpg,3,0,Standing,Lateral_lying_left,5,"[771.0,94.5,371.0,197.0]",1920,1080,annotation_ok,3,Standing,2026-03-19T18:55:38.692451
train_pen2_orb_cam2_20250217_130342_0005,pen2_orb_cam2_20250217_130342.jpg,4,1,Sternal_lying,Lateral_lying_right,5,"[531.5,216.5,195.0,273.0]",1920,1080,annotation_ok,4,Sternal_lying,2026-03-19T18:55:53.360320
train_pen2_tur_cam1_20250109_065948_0001,pen2_tur_cam1_20250109_065948.jpg,0,4,Lateral_lying_left,Sternal_lying,5,"[300.5,44.5,304.0,169.0]",1280,720,annotation_ok,0,Lateral_lying_left,2026-03-19T18:56:00.886892
train_pen2_tur_cam1_20250109_065948_0008,pen2_tur_cam1_20250109_065948.jpg,4,1,Sternal_lying,Lateral_lying_right,5,"[196.0,425.5,160.0,148.0]",1280,720,annotation_ok,4,Sternal_lying,2026-03-19T18:56:08.182749
train_pen2_tur_cam1_20250109_070154_0003,pen2_tur_cam1_20250109_070154.jpg,4,2,Sternal_lying,Sitting,5,"[240.0,207.0,314.0,250.0]",1280,720,pred_correct,2,Sitting,2026-03-19T18:56:17.601561
train_pen2_tur_cam1_20250109_071149_0007,pen2_tur_cam1_20250109_071149.jpg,0,4,Lateral_lying_left,Sternal_lying,5,"[584.0,522.8,320.6,196.2]",1280,720,annotation_ok,0,Lateral_lying_left,2026-03-19T18:56:27.496754
train_pen2_tur_cam1_20250109_071252_0006,pen2_tur_cam1_20250109_071252.jpg,3,2,Standing,Sitting,5,"[337.0,460.0,148.0,128.0]",1280,720,annotation_ok,3,Standing,2026-03-19T18:56:33.129197
train_pen2_tur_cam1_20250109_071601_0007,pen2_tur_cam1_20250109_071601.jpg,4,2,Sternal_lying,Sitting,5,"[960.5,46.0,164.0,438.0]",1280,720,manual,3,Standing,2026-03-19T18:56:55.534517
train_pen2_tur_cam1_20250109_072247_0000,pen2_tur_cam1_20250109_072247.jpg,3,4,Standing,Sternal_lying,5,"[681.0,61.0,407.0,277.0]",1280,720,annotation_ok,3,Standing,2026-03-19T18:57:02.678292
train_pen2_tur_cam1_20250109_072734_0006,pen2_tur_cam1_20250109_072734.jpg,4,1,Sternal_lying,Lateral_lying_right,5,"[364.0,47.0,339.0,143.0]",1280,720,annotation_ok,4,Sternal_lying,2026-03-19T18:57:08.653830
train_pen2_tur_cam1_20250109_073956_0005,pen2_tur_cam1_20250109_073956.jpg,4,0,Sternal_lying,Lateral_lying_left,5,"[482.5,173.0,155.0,391.0]",1280,720,annotation_ok,4,Sternal_lying,2026-03-19T18:57:15.551842
train_pen2_tur_cam1_20250109_074038_0001,pen2_tur_cam1_20250109_074038.jpg,3,2,Standing,Sitting,5,"[898.0,313.0,219.0,407.0]",1280,720,annotation_ok,3,Standing,2026-03-19T18:57:21.829600
train_pen2_tur_cam1_20250109_074120_0006,pen2_tur_cam1_20250109_074120.jpg,3,4,Standing,Sternal_lying,5,"[134.5,277.5,73.0,218.0]",1280,720,pred_correct,4,Sternal_lying,2026-03-19T18:57:27.694599
train_pen2_tur_cam1_20250109_074752_0002,pen2_tur_cam1_20250109_074752.jpg,4,2,Sternal_lying,Sitting,5,"[693.5,68.5,394.0,252.0]",1280,720,annotation_ok,4,Sternal_lying,2026-03-19T18:57:33.320816
train_pen2_tur_cam1_20250109_075101_0007,pen2_tur_cam1_20250109_075101.jpg,4,1,Sternal_lying,Lateral_lying_right,5,"[202.0,435.5,150.0,138.0]",1280,720,annotation_ok,4,Sternal_lying,2026-03-19T18:57:38.521909
train_pen2_tur_cam1_20250109_075204_0006,pen2_tur_cam1_20250109_075204.jpg,4,1,Sternal_lying,Lateral_lying_right,5,"[201.5,426.0,171.0,145.0]",1280,720,annotation_ok,4,Sternal_lying,2026-03-19T18:57:43.268953
train_pen2_tur_cam1_20250109_075314_0006,pen2_tur_cam1_20250109_075314.jpg,4,1,Sternal_lying,Lateral_lying_right,5,"[203.5,423.5,166.0,147.0]",1280,720,annotation_ok,4,Sternal_lying,2026-03-19T18:57:48.855183
train_pen2_tur_cam1_20250109_075335_0004,pen2_tur_cam1_20250109_075335.jpg,2,4,Sitting,Sternal_lying,5,"[473.5,17.0,396.0,201.0]",1280,720,annotation_ok,2,Sitting,2026-03-19T18:57:53.795191
train_pen2_tur_cam1_20250109_075335_0007,pen2_tur_cam1_20250109_075335.jpg,4,1,Sternal_lying,Lateral_lying_right,5,"[202.0,434.0,137.0,142.0]",1280,720,annotation_ok,4,Sternal_lying,2026-03-19T18:57:57.896616
train_pen2_tur_cam1_20250109_075349_0007,pen2_tur_cam1_20250109_075349.jpg,4,1,Sternal_lying,Lateral_lying_right,5,"[202.5,431.0,163.0,143.0]",1280,720,annotation_ok,4,Sternal_lying,2026-03-19T18:58:04.002730
train_pen2_tur_cam1_20250109_075712_0007,pen2_tur_cam1_20250109_075712.jpg,0,4,Lateral_lying_left,Sternal_lying,5,"[152.5,373.0,101.0,139.0]",1280,720,annotation_ok,0,Lateral_lying_left,2026-03-19T18:58:08.730951
train_pen2_tur_cam1_20250109_075754_0002,pen2_tur_cam1_20250109_075754.jpg,0,4,Lateral_lying_left,Sternal_lying,5,"[132.0,345.0,144.0,128.0]",1280,720,skip,0,Lateral_lying_left,2026-03-19T18:58:19.540933
train_pen2_tur_cam1_20250109_080021_0006,pen2_tur_cam1_20250109_080021.jpg,0,4,Lateral_lying_left,Sternal_lying,5,"[136.0,342.5,136.0,128.0]",1280,720,manual,2,Sitting,2026-03-19T18:58:31.828469
train_pen2_tur_cam1_20250109_080529_0006,pen2_tur_cam1_20250109_080529.jpg,0,4,Lateral_lying_left,Sternal_lying,5,"[137.0,346.0,123.0,130.0]",1280,720,manual,2,Sitting,2026-03-19T18:58:46.583199
train_pen2_tur_cam1_20250120_072248_0001,pen2_tur_cam1_20250120_072248.jpg,1,4,Lateral_lying_right,Sternal_lying,5,"[837.0,302.0,750.0,388.0]",2688,1520,annotation_ok,1,Lateral_lying_right,2026-03-19T18:58:51.046392
train_pen2_tur_cam1_20250120_073749_0003,pen2_tur_cam1_20250120_073749.jpg,4,3,Sternal_lying,Standing,5,"[1989.5,60.5,318.0,1025.0]",2688,1520,pred_correct,3,Standing,2026-03-19T18:58:57.605034
train_pen2_tur_cam1_20250120_075930_0007,pen2_tur_cam1_20250120_075930.jpg,4,1,Sternal_lying,Lateral_lying_right,5,"[277.5,668.5,173.0,378.0]",2688,1520,annotation_ok,4,Sternal_lying,2026-03-19T18:59:06.243193
train_pen2_tur_cam1_20250120_080251_0000,pen2_tur_cam1_20250120_080251.jpg,4,1,Sternal_lying,Lateral_lying_right,5,"[1009.0,261.0,880.0,484.0]",2688,1520,annotation_ok,4,Sternal_lying,2026-03-19T18:59:10.917117
train_pen2_tur_cam1_20250120_085434_0001,pen2_tur_cam1_20250120_085434.jpg,2,1,Sitting,Lateral_lying_right,5,"[976.5,907.0,434.0,612.0]",2688,1520,pred_correct,1,Lateral_lying_right,2026-03-19T18:59:21.589268
train_pen2_tur_cam1_20250120_085434_0005,pen2_tur_cam1_20250120_085434.jpg,4,1,Sternal_lying,Lateral_lying_right,5,"[1707.0,264.0,357.0,984.0]",2688,1520,pred_correct,1,Lateral_lying_right,2026-03-19T18:59:27.661453
train_pen2_tur_cam1_20250120_094438_0008,pen2_tur_cam1_20250120_094438.jpg,4,1,Sternal_lying,Lateral_lying_right,5,"[397.5,912.8,332.7,283.7]",2688,1520,annotation_ok,4,Sternal_lying,2026-03-19T18:59:34.617513
train_pen2_tur_cam1_20250120_104942_0002,pen2_tur_cam1_20250120_104942.jpg,3,4,Standing,Sternal_lying,5,"[1772.0,68.5,490.0,966.0]",2688,1520,annotation_ok,3,Standing,2026-03-19T18:59:43.542650
train_pen2_tur_cam1_20250120_113445_0003,pen2_tur_cam1_20250120_113445.jpg,3,2,Standing,Sitting,5,"[1238.5,1216.0,831.0,302.0]",2688,1520,annotation_ok,3,Standing,2026-03-19T18:59:50.063221
train_pen2_tur_cam1_20250120_120947_0008,pen2_tur_cam1_20250120_120947.jpg,2,4,Sitting,Sternal_lying,5,"[241.7,682.8,123.3,414.0]",2688,1520,annotation_ok,2,Sitting,2026-03-19T19:00:03.717823
train_pen2_tur_cam1_20250120_132203_0002,pen2_tur_cam1_20250120_132203.jpg,3,2,Standing,Sitting,5,"[1258.5,3.0,955.0,336.0]",2688,1520,annotation_ok,3,Standing,2026-03-19T19:00:09.032735
train_pen2_tur_cam1_20250120_132203_0008,pen2_tur_cam1_20250120_132203.jpg,1,4,Lateral_lying_right,Sternal_lying,5,"[356.0,671.4,149.9,393.0]",2688,1520,pred_correct,4,Sternal_lying,2026-03-19T19:00:18.171203
train_pen2_tur_cam1_20250120_133843_0005,pen2_tur_cam1_20250120_133843.jpg,0,4,Lateral_lying_left,Sternal_lying,5,"[396.6,918.6,287.4,302.6]",2688,1520,annotation_ok,0,Lateral_lying_left,2026-03-19T19:00:23.365053
train_pen2_tur_cam1_20250120_140707_0008,pen2_tur_cam1_20250120_140707.jpg,4,0,Sternal_lying,Lateral_lying_left,5,"[382.0,907.0,342.0,318.0]",2688,1520,annotation_ok,4,Sternal_lying,2026-03-19T19:00:28.996550
train_pen2_tur_cam1_20250120_142709_0003,pen2_tur_cam1_20250120_142709.jpg,0,4,Lateral_lying_left,Sternal_lying,5,"[666.0,58.0,712.0,302.0]",2688,1520,annotation_ok,0,Lateral_lying_left,2026-03-19T19:00:34.402016
train_pen2_tur_cam1_20250120_142709_0004,pen2_tur_cam1_20250120_142709.jpg,4,0,Sternal_lying,Lateral_lying_left,5,"[1110.5,633.0,926.0,402.0]",2688,1520,annotation_ok,4,Sternal_lying,2026-03-19T19:00:39.369026
train_pen2_tur_cam1_20250120_145718_0003,pen2_tur_cam1_20250120_145718.jpg,2,4,Sitting,Sternal_lying,5,"[641.0,87.5,754.0,384.0]",2688,1520,annotation_ok,2,Sitting,2026-03-19T19:00:43.498318
train_pen2_tur_cam1_20250123_101822_0005,pen2_tur_cam1_20250123_101822.jpg,2,4,Sitting,Sternal_lying,5,"[258.5,79.0,232.0,163.0]",1280,720,annotation_ok,2,Sitting,2026-03-19T19:00:49.578756
train_pen2_tur_cam1_20250123_102322_0008,pen2_tur_cam1_20250123_102322.jpg,4,1,Sternal_lying,Lateral_lying_right,5,"[203.0,444.0,148.0,123.0]",1280,720,annotation_ok,4,Sternal_lying,2026-03-19T19:00:54.478370
train_pen2_tur_cam1_20250123_113828_0004,pen2_tur_cam1_20250123_113828.jpg,1,4,Lateral_lying_right,Sternal_lying,5,"[915.0,56.0,185.0,379.0]",1280,720,pred_correct,4,Sternal_lying,2026-03-19T19:01:01.983514
train_pen2_tur_cam1_20250123_124013_0007,pen2_tur_cam1_20250123_124013.jpg,2,3,Sitting,Standing,5,"[106.5,441.2,122.2,86.5]",1280,720,annotation_ok,2,Sitting,2026-03-19T19:01:08.551835
train_pen2_tur_cam1_20250123_124013_0008,pen2_tur_cam1_20250123_124013.jpg,0,4,Lateral_lying_left,Sternal_lying,5,"[220.7,443.7,115.5,125.7]",1280,720,annotation_ok,0,Lateral_lying_left,2026-03-19T19:01:13.753956
train_pen2_tur_cam1_20250123_142537_0007,pen2_tur_cam1_20250123_142537.jpg,4,0,Sternal_lying,Lateral_lying_left,5,"[524.0,552.5,339.0,164.0]",1280,720,annotation_ok,4,Sternal_lying,2026-03-19T19:01:19.886613
train_pen2_tur_cam1_20250123_152228_0000,pen2_tur_cam1_20250123_152228.jpg,4,0,Sternal_lying,Lateral_lying_left,5,"[336.0,71.0,273.0,303.0]",1280,720,annotation_ok,4,Sternal_lying,2026-03-19T19:01:26.644859
train_pen2_tur_cam1_20250123_153608_0001,pen2_tur_cam1_20250123_153608.jpg,1,4,Lateral_lying_right,Sternal_lying,5,"[532.0,27.0,449.0,241.0]",1280,720,pred_correct,4,Sternal_lying,2026-03-19T19:01:40.493935
train_pen2_tur_cam1_20250124_090635_0000,pen2_tur_cam1_20250124_090635.jpg,3,4,Standing,Sternal_lying,5,"[811.0,30.0,302.0,427.0]",1280,720,annotation_ok,3,Standing,2026-03-19T19:01:47.258331
train_pen2_tur_cam1_20250209_075151_0008,pen2_tur_cam1_20250209_075151.jpg,4,0,Sternal_lying,Lateral_lying_left,5,"[540.7,570.0,311.0,141.0]",1280,720,annotation_ok,4,Sternal_lying,2026-03-19T19:01:53.909861
train_pen2_tur_cam1_20250209_085015_0007,pen2_tur_cam1_20250209_085015.jpg,4,1,Sternal_lying,Lateral_lying_right,5,"[320.0,48.0,266.0,132.0]",1280,720,annotation_ok,4,Sternal_lying,2026-03-19T19:02:09.844656
train_pen2_tur_cam1_20250209_093518_0003,pen2_tur_cam1_20250209_093518.jpg,2,3,Sitting,Standing,5,"[874.5,412.0,141.0,308.0]",1280,720,pred_correct,3,Standing,2026-03-19T19:02:14.785995
train_pen2_tur_cam1_20250209_103702_0000,pen2_tur_cam1_20250209_103702.jpg,4,1,Sternal_lying,Lateral_lying_right,5,"[595.0,52.5,235.0,329.0]",1280,720,annotation_ok,4,Sternal_lying,2026-03-19T19:02:19.493156
train_pen2_tur_cam1_20250209_103702_0007,pen2_tur_cam1_20250209_103702.jpg,4,0,Sternal_lying,Lateral_lying_left,5,"[550.5,561.0,324.0,145.0]",1280,720,annotation_ok,4,Sternal_lying,2026-03-19T19:02:23.625327
train_pen2_tur_cam1_20250209_111525_0004,pen2_tur_cam1_20250209_111525.jpg,4,0,Sternal_lying,Lateral_lying_left,5,"[912.0,35.5,185.0,379.0]",1280,720,annotation_ok,4,Sternal_lying,2026-03-19T19:02:28.460854
train_pen2_tur_cam1_20250209_114027_0008,pen2_tur_cam1_20250209_114027.jpg,4,1,Sternal_lying,Lateral_lying_right,5,"[235.2,463.2,104.8,94.7]",1280,720,annotation_ok,4,Sternal_lying,2026-03-19T19:02:33.534287
train_pen2_tur_cam1_20250209_115208_0004,pen2_tur_cam1_20250209_115208.jpg,0,4,Lateral_lying_left,Sternal_lying,5,"[550.0,542.0,308.0,159.0]",1280,720,pred_correct,4,Sternal_lying,2026-03-19T19:02:39.052119
train_pen2_tur_cam1_20250209_115208_0007,pen2_tur_cam1_20250209_115208.jpg,2,4,Sitting,Sternal_lying,5,"[236.7,407.3,74.8,157.8]",1280,720,pred_correct,4,Sternal_lying,2026-03-19T19:02:44.378420
train_pen2_tur_cam1_20250209_120529_0001,pen2_tur_cam1_20250209_120529.jpg,0,4,Lateral_lying_left,Sternal_lying,5,"[566.0,582.8,318.0,137.0]",1280,720,pred_correct,4,Sternal_lying,2026-03-19T19:02:48.617568
train_pen2_tur_cam1_20250209_121710_0005,pen2_tur_cam1_20250209_121710.jpg,1,4,Lateral_lying_right,Sternal_lying,5,"[543.5,26.5,377.0,170.0]",1280,720,pred_correct,4,Sternal_lying,2026-03-19T19:02:52.632372
train_pen2_tur_cam1_20250209_124212_0000,pen2_tur_cam1_20250209_124212.jpg,1,4,Lateral_lying_right,Sternal_lying,5,"[572.5,23.0,380.0,199.0]",1280,720,pred_correct,4,Sternal_lying,2026-03-19T19:02:56.364253
train_pen2_tur_cam1_20250209_124212_0008,pen2_tur_cam1_20250209_124212.jpg,0,4,Lateral_lying_left,Sternal_lying,5,"[205.0,460.5,149.0,113.0]",1280,720,annotation_ok,0,Lateral_lying_left,2026-03-19T19:03:03.744888
train_pen2_tur_cam1_20250209_131535_0001,pen2_tur_cam1_20250209_131535.jpg,0,4,Lateral_lying_left,Sternal_lying,5,"[726.0,33.0,328.0,259.0]",1280,720,annotation_ok,0,Lateral_lying_left,2026-03-19T19:03:09.731402
train_pen2_tur_cam1_20250209_131535_0007,pen2_tur_cam1_20250209_131535.jpg,4,1,Sternal_lying,Lateral_lying_right,5,"[237.0,396.5,125.0,169.0]",1280,720,annotation_ok,4,Sternal_lying,2026-03-19T19:03:14.281205
train_pen2_tur_cam1_20250209_135218_0005,pen2_tur_cam1_20250209_135218.jpg,3,2,Standing,Sitting,5,"[805.5,427.5,183.0,291.0]",1280,720,annotation_ok,3,Standing,2026-03-19T19:03:25.409207
train_pen2_tur_cam1_20250209_140718_0000,pen2_tur_cam1_20250209_140718.jpg,4,1,Sternal_lying,Lateral_lying_right,5,"[726.5,41.5,328.0,256.0]",1280,720,annotation_ok,4,Sternal_lying,2026-03-19T19:03:29.617770
train_pen2_tur_cam1_20250209_140718_0008,pen2_tur_cam1_20250209_140718.jpg,4,0,Sternal_lying,Lateral_lying_left,5,"[920.5,207.5,138.0,383.0]",1280,720,annotation_ok,4,Sternal_lying,2026-03-19T19:03:33.938749
train_pen2_tur_cam1_20250215_095748_0006,pen2_tur_cam1_20250215_095748.jpg,4,1,Sternal_lying,Lateral_lying_right,5,"[956.0,63.5,141.0,398.0]",1280,720,annotation_ok,4,Sternal_lying,2026-03-19T19:03:39.706257
train_pen2_tur_cam2_20250120_074930_0007,pen2_tur_cam2_20250120_074930.jpg,1,4,Lateral_lying_right,Sternal_lying,5,"[2168.0,306.5,167.0,493.0]",2688,1520,pred_correct,4,Sternal_lying,2026-03-19T19:03:47.655897
train_pen2_tur_cam2_20250120_074930_0008,pen2_tur_cam2_20250120_074930.jpg,0,2,Lateral_lying_left,Sitting,5,"[1940.3,260.9,268.1,415.7]",2688,1520,annotation_ok,0,Lateral_lying_left,2026-03-19T19:03:59.290368
